transaction_date,category_code,crop_code,crop_name,market_code,market_name,highest_price,median_price,lowest_price,average_price,transaction_volume
2024.09.02,N06,FA800,康乃馨-多朵(混色),105,台北市場,20,20,20,20,120
2024.09.02,N06,FB000,火鶴花,105,台北市場,19,13,6,12.8,805
2024.09.02,N06,FB001,火鶴花-混色,105,台北市場,11,9,6,9.1,103
2024.09.02,N06,FB100,火鶴花-紅色,105,台北市場,22,16,13,16.8,919
2024.09.02,N06,FB103,火鶴花-紅青心,105,台北市場,14,14,14,14,45
2024.09.02,N06,FB106,火鶴花-丘比特,105,台北市場,23,14,8,14.9,1758
2024.09.02,N06,FB108,火鶴花-千里達,105,台北市場,11,9,7,8.7,245
2024.09.02,N06,FB111,火鶴花-月光,105,台北市場,15,14,11,13.6,1235
2024.09.02,N06,FB113,火鶴花-紅鈴,105,台北市場,20,16,12,15.6,1285
2024.09.02,N06,FB114,火鶴花-紅星,105,台北市場,20,12,8,12.9,295
2024.09.02,N06,FB201,火鶴花-桔綠邊,105,台北市場,14,14,14,14,30
2024.09.02,N06,FB400,火鶴花-粉色,105,台北市場,18,18,18,18,40
2024.09.02,N06,FB401,火鶴花-夏粉,105,台北市場,14,9,6,9.6,277
2024.09.02,N06,FB402,火鶴花-荷粉,105,台北市場,22,19,11,17.9,285
2024.09.02,N06,FB405,火鶴花-粉綠邊,105,台北市場,25,23,21,23.2,425
2024.09.02,N06,FB407,火鶴花-夢幻,105,台北市場,17,11,8,11.3,940
2024.09.02,N06,FB408,火鶴花-粉佳人,105,台北市場,14,14,14,14,30
2024.09.02,N06,FB415,火鶴花-羅莎,105,台北市場,24,16,11,16.8,1952
2024.09.02,N06,FB417,火鶴花-彩虹,105,台北市場,7,7,7,7,40
2024.09.02,N06,FB419,火鶴花-太極,105,台北市場,12,9,5,8.9,375
2024.09.02,N06,FB420,火鶴花-小紅莓,105,台北市場,14,14,14,14,45
2024.09.02,N06,FB426,火鶴花-粉蕾絲,105,台北市場,22,17,15,17.7,350
2024.09.02,N06,FB500,火鶴花-翠綠,105,台北市場,27,22,14,21.4,670
2024.09.02,N06,FB501,火鶴花-蘋果綠,105,台北市場,14,14,14,14,30
2024.09.02,N06,FB505,火鶴花-香檳,105,台北市場,15,10,6,10.1,103
2024.09.02,N06,FB507,火鶴花-綠精靈,105,台北市場,24,20,19,20.8,295
2024.09.02,N06,FB600,火鶴花-白色,105,台北市場,15,14,13,14.1,75
2024.09.02,N06,FB601,火鶴花-白青心,105,台北市場,22,16,10,15.8,215
2024.09.02,N06,FB700,火鶴花-紫色,105,台北市場,21,20,20,20.4,162
2024.09.02,N06,FB801,火鶴花-咖啡條紋,105,台北市場,24,24,24,24,25
2024.09.02,N06,FB802,火鶴花-大地,105,台北市場,25,15,9,15.9,693
2024.09.02,N06,FB805,火鶴花-黑珍珠,105,台北市場,18,14,6,13.5,230
2024.09.02,N06,FC316,大菊-黃精競,105,台北市場,157,137,105,134.7,310
2024.09.02,N06,FC613,大菊-白天星,105,台北市場,245,162,67,159.6,1804
2024.09.02,N06,FC804,染大菊-白天星,105,台北市場,180,170,120,162,1180
2024.09.02,N06,FD000,小菊,105,台北市場,172,170,170,170.7,60
2024.09.02,N06,FD131,小菊-小紅娘,105,台北市場,164,137,81,131.2,85
2024.09.02,N06,FD138,小菊-卡洛琳,105,台北市場,178,165,130,160.5,460
2024.09.02,N06,FD200,小菊-金,105,台北市場,180,150,133,152.8,366
2024.09.02,N06,FD300,小菊-黃,105,台北市場,192,162,133,162.3,250
2024.09.02,N06,FD308,小菊-黃丁字菊,105,台北市場,105,105,105,105,30
2024.09.02,N06,FD321,小菊-吉祥黃,105,台北市場,175,175,175,175,20
2024.09.02,N06,FD422,小菊-吉祥小粉,105,台北市場,105,105,105,105,28
2024.09.02,N06,FD423,小菊-粉日記,105,台北市場,168,132,51,122.8,251
2024.09.02,N06,FD456,小菊-卡洛粉,105,台北市場,190,171,130,166.9,542
2024.09.02,N06,FD645,小菊-白斯不列,105,台北市場,214,183,144,181.2,988
2024.09.02,N06,FD801,染小菊-芬蘭,105,台北市場,190,186,185,186.4,103
2024.09.02,N06,FE000,非洲菊,105,台北市場,110,108,91,105.3,80
2024.09.02,N06,FE001,非洲菊-混合色,105,台北市場,156,122,111,126.5,985
2024.09.02,N06,FE100,非洲菊-紅,105,台北市場,164,160,155,159.5,60
2024.09.02,N06,FE110,非洲菊-卡布,105,台北市場,143,141,140,141.4,110
2024.09.02,N06,FE112,非洲菊-天籟,105,台北市場,130,130,130,130,30
2024.09.02,N06,FE201,非洲菊-太陽神,105,台北市場,130,129,121,127.3,72
2024.09.02,N06,FE205,非洲菊-哈利熊,105,台北市場,120,115,107,114.4,114
2024.09.02,N06,FE302,非洲菊-金爵,105,台北市場,132,120,100,118.4,150
2024.09.02,N06,FE400,非洲菊-粉,105,台北市場,140,131,118,130,44
2024.09.02,N06,FE401,非洲菊-伊斯瑪拉,105,台北市場,170,116,61,116.5,63
2024.09.02,N06,FE409,非洲菊-粉紅魅力,105,台北市場,170,156,80,143.3,92
2024.09.02,N06,FE415,非洲菊-粉美麗,105,台北市場,172,172,172,172,15
2024.09.02,N06,FE416,非洲菊-熱情粉,105,台北市場,164,144,84,136.2,730
2024.09.02,N06,FE600,非洲菊-白,105,台北市場,159,133,96,131.1,468
2024.09.02,N06,FE700,非洲菊-紫,105,台北市場,99,99,99,99,18
2024.09.02,N06,FE704,非洲菊-女王,105,台北市場,142,135,127,134.5,60
2024.09.02,N06,FE900,非洲菊-迷你混色,105,台北市場,134,94,58,94.7,723
2024.09.02,N06,FG105,劍蘭-２３５號,105,台北市場,147,123,77,118.5,54
2024.09.02,N06,FG121,劍蘭-２６５號,105,台北市場,223,146,102,152.6,317
2024.09.02,N06,FG406,劍蘭-青殼粉,105,台北市場,181,117,90,124.2,360
2024.09.02,N06,FH000,其它花卉,105,台北市場,120,23,10,39.6,640
2024.09.02,N06,FH004,八卦草(黃河),105,台北市場,74,72,70,72,60
2024.09.02,N06,FH005,金鎚花,105,台北市場,168,168,168,168,42
2024.09.02,N06,FH006,黃梔花,105,台北市場,72,64,55,64.2,1593
2024.09.02,N06,FH007,松蟲草,105,台北市場,140,140,140,140,12
2024.09.02,N06,FH008,洋甘菊,105,台北市場,233,209,140,199.9,79
2024.09.02,N06,FH009,萬壽菊,105,台北市場,164,126,75,123.4,109
2024.09.02,N06,FH072,石蒜-金花,105,台北市場,300,294,285,293.5,23
2024.09.02,N06,FH101,天堂鳥,105,台北市場,163,156,150,156,86
2024.09.02,N06,FH112,小天堂鳥-桔帶紅,105,台北市場,124,109,99,110.1,229
2024.09.02,N06,FH114,小天堂鳥-粉紅,105,台北市場,92,90,83,89.2,96
2024.09.02,N06,FH137,觀音蓮,105,台北市場,27,18,17,19.8,145
2024.09.02,N06,FH139,石玫瑰,105,台北市場,55,55,55,55,30
2024.09.02,N06,FH140,薑荷花,105,台北市場,88,83,68,81,116
2024.09.02,N06,FH156,野薑花-白,105,台北市場,85,80,59,76.9,61
2024.09.02,N06,FH158,紅薑花,105,台北市場,154,132,50,120.4,178
2024.09.02,N06,FH185,嘉蘭(火焰百合),105,台北市場,82,78,68,77,70
2024.09.02,N06,FH231,夜來香-單瓣,105,台北市場,136,121,111,121.9,167
2024.09.02,N06,FH232,夜來香-重瓣,105,台北市場,172,165,142,162,45
2024.09.02,N06,FH251,秀線,105,台北市場,91,67,41,66.3,270
2024.09.02,N06,FH270,千日紅,105,台北市場,77,43,41,49.3,447
2024.09.02,N06,FH293,向日葵-單瓣,105,台北市場,184,142,100,141.7,325
2024.09.02,N06,FH294,向日葵-重瓣,105,台北市場,172,141,106,140.2,206
2024.09.02,N06,FH306,白日草,105,台北市場,55,55,55,55,20
2024.09.02,N06,FH312,大理花-橘色,105,台北市場,168,168,168,168,10
2024.09.02,N06,FH314,大理花-粉色,105,台北市場,124,119,102,116.5,37
2024.09.02,N06,FH316,大理花-白色,105,台北市場,300,240,90,221.3,24
2024.09.02,N06,FH318,大理花-雙色,105,台北市場,88,88,88,88,36
2024.09.02,N06,FH330,雞冠花,105,台北市場,122,116,89,111.4,192
2024.09.02,N06,FH331,雞冠花-清紅,105,台北市場,136,124,97,121,627
2024.09.02,N06,FH333,雞冠花-黃,105,台北市場,120,120,120,120,24
2024.09.02,N06,FH334,雞冠花-綠,105,台北市場,132,130,127,129.5,24
2024.09.02,N06,FH336,垂雞冠,105,台北市場,53,53,53,53,72
2024.09.02,N06,FH339,雞冠花-粉,105,台北市場,145,145,145,145,12
2024.09.02,N06,FH358,珊瑚鳳梨,105,台北市場,37,32,8,28.4,227
2024.09.02,N06,FH375,大飛燕草,105,台北市場,86,51,41,56.2,193
2024.09.02,N06,FH376,小飛燕草,105,台北市場,150,150,150,150,25
2024.09.02,N06,FH381,麒麟草,105,台北市場,115,105,87,103.5,828
2024.09.02,N06,FH395,虎尾花,105,台北市場,63,62,60,61.9,169
2024.09.02,N06,FH420,孤挺花,105,台北市場,30,25,21,25,360
2024.09.02,N06,FH460,繡球花,105,台北市場,33,16,7,17.3,140
2024.09.02,N06,FH464,繡球花-粉,105,台北市場,68,61,55,61,84
2024.09.02,N06,FH468,繡球花-水藍,105,台北市場,41,34,26,33.6,59
2024.09.02,N06,FH630,海芋-混色,105,台北市場,45,31,22,32.1,50
2024.09.02,N06,FH633,海芋-黃,105,台北市場,88,71,47,69.6,326
2024.09.02,N06,FH661,伯利恆之星,105,台北市場,146,110,56,106,197
2024.09.02,N06,FH670,茉莉花,105,台北市場,18,17,14,16.4,1200
2024.09.02,N06,FL129,LA百合-橙多朵,105,台北市場,192,188,185,188.2,52
2024.09.02,N06,FM013,重瓣百合-紅三朵,105,台北市場,191,191,191,191,14
2024.09.02,N06,FM019,重瓣百合-紅多朵,105,台北市場,176,164,163,166.3,81
2024.09.02,N06,FM112,重瓣百合-達琳達雙朵,105,台北市場,293,293,293,293,12
2024.09.02,N06,FM113,重瓣百合-達琳達三朵,105,台北市場,340,340,340,340,30
2024.09.02,N06,FM182,重瓣百合-安諾斯卡雙朵,105,台北市場,285,285,285,285,24
2024.09.02,N06,FM183,重瓣百合-安諾斯卡三朵,105,台北市場,328,328,328,328,50
2024.09.02,N06,FM189,重瓣百合-安諾斯卡多朵,105,台北市場,350,350,350,350,32
2024.09.02,N06,FM219,重瓣百合-艾蓮娜多朵,105,台北市場,189,189,189,189,12
2024.09.02,N06,FM283,重瓣百合-莎曼莎三朵,105,台北市場,341,324,291,320.8,244
2024.09.02,N06,FM289,重瓣百合-莎曼莎多朵,105,台北市場,388,370,339,367.4,200
2024.09.02,N06,FO000,蘭花,105,台北市場,238,82,22,101.3,427
2024.09.02,N06,FO003,腎藥蘭-曼谷火焰,105,台北市場,265,210,134,205.8,259
2024.09.02,N06,FO007,千代蘭,105,台北市場,203,118,65,124.1,730
2024.09.02,N06,FO009,萬代蘭,105,台北市場,194,148,107,148.8,136
2024.09.02,N06,FO011,拖鞋蘭,105,台北市場,90,90,90,90,15
2024.09.02,N06,FO014,樹蘭,105,台北市場,61,44,32,45,250
2024.09.02,N06,FO020,萬代蘭-巨輪混色,105,台北市場,50,43,27,41.1,173
2024.09.02,N06,FO021,萬代蘭-巨輪紅,105,台北市場,31,24,20,24.8,53
2024.09.02,N06,FO022,萬代蘭-巨輪橙,105,台北市場,63,42,36,44.9,165
2024.09.02,N06,FO023,萬代蘭-巨輪黃,105,台北市場,60,41,21,40.5,66
2024.09.02,N06,FO024,萬代蘭-巨輪粉,105,台北市場,80,30,16,37.5,273
2024.09.02,N06,FO025,萬代蘭-巨輪綠,105,台北市場,65,60,55,59.7,51
2024.09.02,N06,FO026,萬代蘭-巨輪白,105,台北市場,23,23,23,23,30
2024.09.02,N06,FO027,萬代蘭-巨輪紫,105,台北市場,78,62,45,62,316
2024.09.02,N06,FO029,萬代蘭-巨輪棕,105,台北市場,41,24,12,25,181
2024.09.02,N06,FO213,虎頭蘭-大輪黃,105,台北市場,59,55,52,55,35
2024.09.02,N06,FO331,大文心蘭,105,台北市場,34,34,34,34,11
2024.09.02,N06,FO335,檸檬綠文心蘭,105,台北市場,100,62,32,63.7,1871
2024.09.02,N06,FO336,文心蘭-太陽之子,105,台北市場,50,47,30,44.5,168
2024.09.02,N06,FO338,文心蘭-黃金天使,105,台北市場,85,64,60,67.6,100
2024.09.02,N06,FO340,文心蘭-愛琳娜,105,台北市場,247,127,57,136.3,167
2024.09.02,N06,FO341,文心蘭-月光旋律,105,台北市場,126,74,58,81.4,225
2024.09.02,N06,FO362,文心蘭-夏雪,105,台北市場,323,323,323,323,11
2024.09.02,N06,FO534,石斛蘭-綠寶石黃,105,台北市場,180,180,180,180,9
2024.09.02,N06,FO560,石斛蘭-白,105,台北市場,99,99,99,99,14
2024.09.02,N06,FO600,蝴蝶蘭-混色,105,台北市場,61,61,61,61,10
2024.09.02,N06,FO602,蝴蝶蘭-線條,105,台北市場,35,34,33,34,60
2024.09.02,N06,FO630,蝴蝶蘭-黃色,105,台北市場,73,58,45,58.2,55
2024.09.02,N06,FO640,蝴蝶蘭-粉色,105,台北市場,82,67,49,66.2,115
2024.09.02,N06,FO661,蝴蝶蘭-白紅心,105,台北市場,35,32,30,32.4,140
2024.09.02,N06,FO663,蝴蝶蘭-白黃心,105,台北市場,119,96,69,95.3,384
2024.09.02,N06,FR000,玫瑰,105,台北市場,384,252,129,253.1,262
2024.09.02,N06,FR100,玫瑰-紅,105,台北市場,199,87,75,107.8,73
2024.09.02,N06,FR111,玫瑰-新櫻紅,105,台北市場,231,127,88,140,56
2024.09.02,N06,FR116,玫瑰-翡翠紅,105,台北市場,428,284,112,278.5,194
2024.09.02,N06,FR117,玫瑰-萬年紅,105,台北市場,199,85,46,100.1,669
2024.09.02,N06,FR122,玫瑰-卡門,105,台北市場,119,54,33,63.3,153
2024.09.02,N06,FR200,玫瑰-橙,105,台北市場,500,500,500,500,4
2024.09.02,N06,FR208,玫瑰-香吉士,105,台北市場,329,166,90,183.5,135
2024.09.02,N06,FR300,玫瑰-黃,105,台北市場,177,85,54,97.3,196
2024.09.02,N06,FR400,玫瑰-粉,105,台北市場,300,300,300,300,7
2024.09.02,N06,FR408,玫瑰-黛安娜粉,105,台北市場,165,77,28,84.7,170
2024.09.02,N06,FR417,玫瑰-甜心,105,台北市場,185,129,95,133.6,14
2024.09.02,N06,FR429,玫瑰-鐵達尼,105,台北市場,90,50,39,57.3,18
2024.09.02,N06,FR434,玫瑰-卡蜜拉,105,台北市場,135,49,44,64.7,61
2024.09.02,N06,FR436,玫瑰-翡翠粉,105,台北市場,276,87,29,2024.4,495
2024.09.02,N06,FR438,玫瑰-維納斯,105,台北市場,463,289,200,305.7,60
2024.09.02,N06,FR439,玫瑰-翡翠香檳,105,台北市場,291,103,49,130,314
2024.09.02,N06,FR452,玫瑰-珍愛你,105,台北市場,340,265,111,248.4,29
2024.09.02,N06,FR457,玫瑰-寶貝粉,105,台北市場,286,154,95,168.5,115
2024.09.02,N06,FR458,玫瑰-粉紅珠,105,台北市場,52,52,51,51.5,13
2024.09.02,N06,FR607,玫瑰-翡翠白,105,台北市場,273,137,47,146.5,434
2024.09.02,N06,FR700,玫瑰-紫,105,台北市場,300,257,218,258.7,58
2024.09.02,N06,FR705,玫瑰-紫天王,105,台北市場,170,137,130,142,20
2024.09.02,N06,FR708,玫瑰-紫愛你,105,台北市場,125,125,125,125,6
2024.09.02,N06,FR711,玫瑰-天堂紫,105,台北市場,196,120,70,125.9,88
2024.09.02,N06,FR712,玫瑰-拿鐵,105,台北市場,200,169,99,161.5,21
2024.09.02,N06,FR713,玫瑰-蒙馬特,105,台北市場,360,284,130,268.9,36
2024.09.02,N06,FR814,玫瑰-山中傳奇,105,台北市場,370,370,370,370,6
2024.09.02,N06,FR816,玫瑰-愛麗絲,105,台北市場,205,123,68,128.7,255
2024.09.02,N06,FR900,玫瑰-迷你混合,105,台北市場,1000,503,310,563.6,30
2024.09.02,N06,FR930,玫瑰-迷你黃,105,台北市場,215,155,135,165.8,13
2024.09.02,N06,FR940,玫瑰-迷你粉,105,台北市場,200,163,145,167,20
2024.09.02,N06,FR980,玫瑰-迷你雙色,105,台北市場,380,349,325,350,11
2024.09.02,N06,FS009,香水百合-多朵,105,台北市場,191,191,191,191,13
2024.09.02,N06,FS010,香水百合-紅,105,台北市場,294,228,143,225.6,68
2024.09.02,N06,FS011,香水百合-紅單朵,105,台北市場,134,134,134,134,18
2024.09.02,N06,FS012,香水百合-紅雙朵,105,台北市場,273,165,150,183.2,152
2024.09.02,N06,FS013,香水百合-紅三朵,105,台北市場,318,282,171,266.8,264
2024.09.02,N06,FS019,香水百合-紅多朵,105,台北市場,350,318,263,313.5,129
2024.09.02,N06,FS030,香水百合-黃,105,台北市場,301,243,199,247.8,23
2024.09.02,N06,FS031,香水百合-黃單朵,105,台北市場,136,136,136,136,40
2024.09.02,N06,FS032,香水百合-黃雙朵,105,台北市場,193,193,191,192.4,105
2024.09.02,N06,FS033,香水百合-黃三朵,105,台北市場,243,238,231,237.3,228
2024.09.02,N06,FS039,香水百合-黃多朵,105,台北市場,332,281,267,288.5,284
2024.09.02,N06,FS040,香水百合-粉,105,台北市場,255,255,255,255,9
2024.09.02,N06,FS043,香水百合-粉三朵,105,台北市場,281,261,260,264.6,46
2024.09.02,N06,FS049,香水百合-粉多朵,105,台北市場,263,249,240,250.1,147
2024.09.02,N06,FS062,香水百合-白雙朵,105,台北市場,131,131,131,131,20
2024.09.02,N06,FS063,香水百合-白三朵,105,台北市場,155,155,155,155,45
2024.09.02,N06,FS069,香水百合-白多朵,105,台北市場,170,170,170,170,24
2024.09.02,N06,FS441,香水百合-馬可波羅粉單朵,105,台北市場,102,102,102,102,19
2024.09.02,N06,FS442,香水百合-馬可波羅粉雙朵,105,台北市場,212,212,92,194.1,141
2024.09.02,N06,FS443,香水百合-馬可波羅粉三朵,105,台北市場,217,217,217,217,14
2024.09.02,N06,FS470,水晶香水,105,台北市場,269,198,186,211.3,23
2024.09.02,N06,FS472,水晶香水-雙朵,105,台北市場,268,183,164,197.3,48
2024.09.02,N06,FS473,水晶香水-三朵,105,台北市場,303,236,181,238.1,814
2024.09.02,N06,FS479,水晶香水-多朵,105,台北市場,338,241,165,245.4,370
2024.09.02,N06,FS593,薇薇安娜-三朵,105,台北市場,252,229,200,227,27
2024.09.02,N06,FS599,薇薇安娜-多朵,105,台北市場,270,270,270,270,18
2024.09.02,N06,FS632,OT曼尼薩-雙朵,105,台北市場,305,295,288,295.5,62
2024.09.02,N06,FS633,OT曼尼薩-三朵,105,台北市場,381,328,297,332.4,212
2024.09.02,N06,FS639,OT曼尼薩-多朵,105,台北市場,417,382,341,381.1,228
2024.09.02,N06,FS770,OT百合-節奏舞者,105,台北市場,163,163,163,163,14
2024.09.02,N06,FS772,OT百合-節奏舞者二朵,105,台北市場,138,138,138,138,18
2024.09.02,N06,FS773,OT百合-節奏舞者三朵,105,台北市場,274,198,162,205.8,66
2024.09.02,N06,FS779,OT百合-節奏舞者多朵,105,台北市場,276,234,163,228.1,410
2024.09.02,N06,FS780,OT百合-貝維爾,105,台北市場,210,210,210,210,13
2024.09.02,N06,FS789,OT百合-貝維爾多朵,105,台北市場,251,242,229,241.4,158
2024.09.02,N06,FS870,OT大連,105,台北市場,220,210,210,212,20
2024.09.02,N06,FS872,OT大連-雙朵,105,台北市場,277,264,218,257.3,180
2024.09.02,N06,FS873,OT大連-三朵,105,台北市場,308,277,235,274.6,717
2024.09.02,N06,FS879,OT大連-多朵,105,台北市場,361,309,263,310.6,1513
2024.09.02,N06,FS892,OT帕雷諾-雙朵,105,台北市場,258,258,258,258,16
2024.09.02,N06,FS893,OT帕雷諾-三朵,105,台北市場,307,295,287,296,126
2024.09.02,N06,FS899,OT帕雷諾-多朵,105,台北市場,345,327,304,326.1,230
2024.09.02,N06,FS962,OT試金石-雙朵,105,台北市場,152,152,152,152,40
2024.09.02,N06,FS963,OT試金石-三朵,105,台北市場,209,209,209,209,64
2024.09.02,N06,FS969,OT試金石-多朵,105,台北市場,314,262,222,264.1,149
2024.09.02,N06,FS972,OT紅福特-雙朵,105,台北市場,229,219,188,214.8,156
2024.09.02,N06,FS973,OT紅福特-三朵,105,台北市場,267,247,193,240.5,623
2024.09.02,N06,FS979,OT紅福特-多朵,105,台北市場,333,283,189,274.3,1332
2024.09.02,N06,FS980,OT百合-美麗果,105,台北市場,217,217,217,217,11
2024.09.02,N06,FS982,OT百合-美麗果雙朵,105,台北市場,308,308,308,308,30
2024.09.02,N06,FS983,OT百合-美麗果三朵,105,台北市場,350,336,249,321.6,91
2024.09.02,N06,FS989,OT百合-美麗果多朵,105,台北市場,301,273,249,273.7,398
2024.09.02,N06,FU000,洋桔梗,105,台北市場,182,149,134,152.6,157
2024.09.02,N06,FU141,洋桔梗-單瓣粉,105,台北市場,180,169,153,168.2,187
2024.09.02,N06,FU151,洋吉梗-單瓣彩藍,105,台北市場,200,177,175,181.3,44
2024.09.02,N06,FU152,洋桔梗-單瓣綠,105,台北市場,190,161,155,166.1,38
2024.09.02,N06,FU211,洋桔梗-單瓣白紅邊,105,台北市場,180,157,150,160.4,54
2024.09.02,N06,FU402,洋桔梗-雙瓣(混色),105,台北市場,178,161,96,151.5,55
2024.09.02,N06,FU421,洋桔梗-小夏橘,105,台北市場,360,360,360,360,7
2024.09.02,N06,FU432,洋桔梗-雙瓣黃,105,台北市場,150,140,130,140,20
2024.09.02,N06,FU441,洋桔梗-順風粉,105,台北市場,140,133,110,130,36
2024.09.02,N06,FU442,洋桔梗-雙瓣粉,105,台北市場,189,139,94,140.1,341
2024.09.02,N06,FU445,洋桔梗-可羅淺粉,105,台北市場,205,198,175,195.1,138
2024.09.02,N06,FU449,洋桔梗-艾瑞娜彩粉,105,台北市場,327,179,120,197.5,103
2024.09.02,N06,FU450,洋桔梗-新喜彩粉,105,台北市場,235,225,215,225,16
2024.09.02,N06,FU451,洋桔梗-順風杏粉,105,台北市場,200,200,200,200,11
2024.09.02,N06,FU453,洋桔梗-雙瓣綠,105,台北市場,230,190,130,185.8,85
2024.09.02,N06,FU457,洋桔梗-順風綠,105,台北市場,120,95,90,98.9,37
2024.09.02,N06,FU458,洋桔梗-艾瑞娜綠,105,台北市場,211,163,133,166.1,162
2024.09.02,N06,FU462,洋桔梗-雙瓣白,105,台北市場,280,269,179,253.2,61
2024.09.02,N06,FU465,洋桔梗-名人華麗白,105,台北市場,315,216,159,224.4,261
2024.09.02,N06,FU469,洋桔梗-皇后白,105,台北市場,335,335,335,335,9
2024.09.02,N06,FU471,洋桔梗-重瓣淺紫,105,台北市場,180,154,135,155.6,205
2024.09.02,N06,FU472,洋桔梗-重瓣紫,105,台北市場,248,165,121,173.2,83
2024.09.02,N06,FU477,洋桔梗-羅西娜薰衣草紫,105,台北市場,385,385,385,385,16
2024.09.02,N06,FU478,洋桔梗-羅西娜紫,105,台北市場,294,245,126,231.6,71
2024.09.02,N06,FU562,洋桔梗-珍妮白,105,台北市場,268,202,145,204,163
2024.09.02,N06,FU563,洋桔梗-新禧４雪白,105,台北市場,167,148,128,147.5,82
2024.09.02,N06,FU572,洋桔梗-雙瓣白紫邊,105,台北市場,252,190,147,193.8,231
2024.09.02,N06,FU640,洋桔梗-金子彩粉,105,台北市場,230,200,187,203.4,179
2024.09.02,N06,FU641,洋桔梗-女王３彩粉,105,台北市場,312,202,92,202.4,213
2024.09.02,N06,FW172,補血草,105,台北市場,79,79,79,79,25
2024.09.02,N06,FW471,卡斯比亞-帶葉,105,台北市場,86,86,86,86,25
2024.09.02,N06,FW472,卡斯比亞-無葉,105,台北市場,112,112,88,107.1,160
2024.09.02,N06,FW600,水晶花-混合,105,台北市場,124,123,120,122.7,60
2024.09.02,N06,FY000,切葉類,105,台北市場,190,44,10,66.7,164
2024.09.02,N06,FY001,尤加利葉,105,台北市場,126,88,54,88.7,1161
2024.09.02,N06,FY003,唐棉,105,台北市場,99,79,69,81,163
2024.09.02,N06,FY004,黃椰心葉,105,台北市場,126,93,56,92.3,333
2024.09.02,N06,FY009,電信蘭葉,105,台北市場,92,41,10,45.4,578
2024.09.02,N06,FY015,葉蘭,105,台北市場,32,25,17,25,150
2024.09.02,N06,FY017,八角金盤,105,台北市場,50,42,32,41.3,135
2024.09.02,N06,FY021,扁柏,105,台北市場,48,41,35,41.1,690
2024.09.02,N06,FY022,鋸齒蔓綠絨葉,105,台北市場,12,12,12,12,34
2024.09.02,N06,FY031,牛頭茄,105,台北市場,100,43,40,53.4,67
2024.09.02,N06,FY050,山蘇葉,105,台北市場,34,24,13,24.1,194
2024.09.02,N06,FY057,百合竹,105,台北市場,13,8,5,8.2,1245
2024.09.02,N06,FY069,天堂鳥葉,105,台北市場,49,48,43,47,90
2024.09.02,N06,FY071,雪松,105,台北市場,86,84,82,84,120
2024.09.02,N06,FY083,紐西蘭麻,105,台北市場,150,140,124,139.1,76
2024.09.02,N06,FY084,火龍果,105,台北市場,249,228,198,226,185
2024.09.02,N06,FY086,綠春蘭葉,105,台北市場,10,10,10,10,70
2024.09.02,N06,FY093,水燭葉,105,台北市場,15,14,11,13.7,380
2024.09.02,N06,FY099,銀蘆,105,台北市場,6,6,6,6,100
2024.09.02,N06,FY100,山防風,105,台北市場,167,164,161,164,40
2024.09.02,N06,FY991,青竹,105,台北市場,150,150,150,150,9
2024.09.02,N06,FY992,紅竹,105,台北市場,74,60,51,60.7,127
2024.09.02,N06,FY993,白竹,105,台北市場,66,52,38,51.9,1238
2024.09.02,N06,FY996,蓮花竹,105,台北市場,29,21,14,21.5,260
2024.09.02,N06,IA000,進口康乃馨-中大輪,105,台北市場,122,122,110,119.5,76
2024.09.02,N06,IA001,進口康乃馨-混合色,105,台北市場,148,148,148,148,226
2024.09.02,N06,IA100,進口康乃馨-紅,105,台北市場,150,150,150,150,60
2024.09.02,N06,IA300,進口康乃馨-黃,105,台北市場,133,133,133,133,28
2024.09.02,N06,IA400,進口康乃馨-粉,105,台北市場,144,132,120,132,86
2024.09.02,N06,IA402,進口康乃馨-淺粉,105,台北市場,152,152,149,151.1,210
2024.09.02,N06,IA700,進口康乃馨-紫,105,台北市場,123,123,123,123,30
2024.09.02,N06,IA800,進口康乃馨-多朵混色,105,台北市場,155,155,155,155,96
2024.09.02,N06,IA841,進口康乃馨-多朵淺粉,105,台北市場,165,163,160,162.5,64
2024.09.02,N06,IC600,進口大菊-白,105,台北市場,267,227,220,233.4,273
2024.09.02,N06,IC601,進口大菊-日本白,105,台北市場,280,238,221,243.9,33
2024.09.02,N06,IC800,進口染色大菊,105,台北市場,250,250,250,250,20
2024.09.02,N06,IC803,進口染色大菊-牡丹,105,台北市場,353,334,314,333.7,841
2024.09.02,N06,ID001,進口小菊-混合色,105,台北市場,230,222,214,222.1,190
2024.09.02,N06,ID200,進口小菊-金,105,台北市場,222,212,212,214.3,70
2024.09.02,N06,ID300,進口小菊-黃,105,台北市場,245,204,200,211.3,40
2024.09.02,N06,ID600,進口小菊-白,105,台北市場,228,228,228,228,40
2024.09.02,N06,IH000,進口其它花卉,105,台北市場,225,138,17,131,2556
2024.09.02,N06,IH090,進口針墊花,105,台北市場,56,52,47,52,1937
2024.09.02,N06,IH225,進口帝王花,105,台北市場,204,134,56,132.2,330
2024.09.02,N06,IH390,進口泡盛草,105,台北市場,110,92,66,90.5,322
2024.09.02,N06,IH460,進口繡球花,105,台北市場,182,84,51,96.9,639
2024.09.02,N06,IH464,繡球花-粉,105,台北市場,183,94,80,109.4,630
2024.09.02,N06,IH465,繡球花-綠,105,台北市場,139,70,48,79.2,1286
2024.09.02,N06,IH466,繡球花-白,105,台北市場,96,92,85,91.8,2079
2024.09.02,N06,IH467,繡球花-藍,105,台北市場,168,98,81,108.4,472
2024.09.02,N06,IH468,繡球花-水藍,105,台北市場,96,93,85,92.1,223
2024.09.02,N06,IH480,進口龍膽,105,台北市場,200,200,200,200,32
2024.09.02,N06,IH600,進口臘梅,105,台北市場,210,190,165,188.9,649
2024.09.02,N06,IH611,進口鬱金香-紅色,105,台北市場,225,221,174,212.3,20
2024.09.02,N06,IH612,進口鬱金香-橙色,105,台北市場,240,208,172,207.2,30
2024.09.02,N06,IH616,進口鬱金香-白色,105,台北市場,245,244,235,242.1,14
2024.09.02,N06,IH617,進口鬱金香-紫色,105,台北市場,240,240,240,240,15
2024.09.02,N06,IH630,進口海芋-混色,105,台北市場,151,148,141,147,44
2024.09.02,N06,IH632,進口海芋-橙,105,台北市場,185,185,185,185,24
2024.09.02,N06,IH633,進口海芋-黃,105,台北市場,164,81,80,98.2,48
2024.09.02,N06,IH634,進口海芋-粉,105,台北市場,196,190,190,191.2,29
2024.09.02,N06,IH636,進口海芋-白,105,台北市場,174,164,159,165.2,57
2024.09.02,N06,IH637,進口海芋-紫,105,台北市場,141,141,141,141,30
2024.09.02,N06,IH770,進口非洲鬱金香,105,台北市場,281,264,181,250.4,250
2024.09.02,N06,IO519,進口石斛蘭-深紅,105,台北市場,166,148,133,148.3,838
2024.09.02,N06,IO540,進口石斛蘭-粉,105,台北市場,250,250,250,250,10
2024.09.02,N06,IO560,進口石斛蘭-白,105,台北市場,143,139,131,138.3,60
2024.09.02,N06,IR100,進口玫瑰-紅,105,台北市場,850,799,555,760.4,230
2024.09.02,N06,IR105,進口玫瑰-櫻紅,105,台北市場,745,667,200,563.3,12
2024.09.02,N06,IR200,進口玫瑰-橙,105,台北市場,722,650,220,554.7,12
2024.09.02,N06,IR300,進口玫瑰-黃,105,台北市場,740,740,740,740,8
2024.09.02,N06,IR400,進口玫瑰-粉,105,台北市場,905,766,300,698.3,29
2024.09.02,N06,IR600,進口玫瑰-白,105,台北市場,950,471,280,503.3,12
2024.09.02,N06,IR700,進口玫瑰-紫,105,台北市場,870,868,865,867.5,10
2024.09.02,N06,IW560,進口滿天星-白,105,台北市場,157,150,133,148.1,986
2024.09.02,N06,IW580,滿天星-染色,105,台北市場,147,143,107,136.7,513
2024.09.02,N06,IY087,進口樺木(假葉),105,台北市場,118,118,118,118,125
2024.09.02,N06,IY118,進口棉花,105,台北市場,30,29,27,29,150
2024.09.02,N06,FB000,火鶴花,400,台中市場,26,25,24,24.9,110
2024.09.02,N06,FB001,火鶴花-混色,400,台中市場,6,6,6,6,73
2024.09.02,N06,FB100,火鶴花-紅色,400,台中市場,18,14,12,14.6,82
2024.09.02,N06,FB106,火鶴花-丘比特,400,台中市場,8,6,5,6.5,318
2024.09.02,N06,FB113,火鶴花-紅鈴,400,台中市場,15,8,6,9.2,750
2024.09.02,N06,FB114,火鶴花-紅星,400,台中市場,11,9,7,9,105
2024.09.02,N06,FB402,火鶴花-荷粉,400,台中市場,13,10,9,10.5,143
2024.09.02,N06,FB407,火鶴花-夢幻,400,台中市場,21,17,12,16.5,179
2024.09.02,N06,FB415,火鶴花-羅莎,400,台中市場,9,7,5,6.8,259
2024.09.02,N06,FB420,火鶴花-小紅莓,400,台中市場,8,8,8,8,66
2024.09.02,N06,FB426,火鶴花-粉蕾絲,400,台中市場,12,9,8,9.6,95
2024.09.02,N06,FB500,火鶴花-翠綠,400,台中市場,14,13,12,13,60
2024.09.02,N06,FB601,火鶴花-白青心,400,台中市場,10,10,9,9.5,55
2024.09.02,N06,FB607,火鶴花-月亮女神,400,台中市場,19,13,7,12.7,171
2024.09.02,N06,FB700,火鶴花-紫色,400,台中市場,18,18,18,18,160
2024.09.02,N06,FB801,火鶴花-咖啡條紋,400,台中市場,11,11,11,11,40
2024.09.02,N06,FC316,大菊-黃精競,400,台中市場,111,94,80,94.2,52
2024.09.02,N06,FC613,大菊-白天星,400,台中市場,96,86,50,80.7,383
2024.09.02,N06,FC804,染大菊-白天星,400,台中市場,181,126,94,130.7,336
2024.09.02,N06,FD000,小菊,400,台中市場,139,139,139,139,50
2024.09.02,N06,FD131,小菊-小紅娘,400,台中市場,96,54,48,61,111
2024.09.02,N06,FD138,小菊-卡洛琳,400,台中市場,150,150,150,150,26
2024.09.02,N06,FD200,小菊-金,400,台中市場,147,105,89,109.9,157
2024.09.02,N06,FD300,小菊-黃,400,台中市場,109,108,107,108,60
2024.09.02,N06,FD308,小菊-黃丁字菊,400,台中市場,102,95,92,96,150
2024.09.02,N06,FD321,小菊-吉祥黃,400,台中市場,129,112,83,109.7,86
2024.09.02,N06,FD423,小菊-粉日記,400,台中市場,135,133,130,132.6,58
2024.09.02,N06,FD456,小菊-卡洛粉,400,台中市場,170,170,170,170,60
2024.09.02,N06,FD645,小菊-白斯不列,400,台中市場,130,127,108,123.7,126
2024.09.02,N06,FD801,染小菊-芬蘭,400,台中市場,144,112,80,112,50
2024.09.02,N06,FE000,非洲菊,400,台中市場,132,132,132,132,15
2024.09.02,N06,FE001,非洲菊-混合色,400,台中市場,149,97,44,96.4,395
2024.09.02,N06,FE205,非洲菊-哈利熊,400,台中市場,135,135,135,135,25
2024.09.02,N06,FE401,非洲菊-伊斯瑪拉,400,台中市場,157,141,127,141.4,78
2024.09.02,N06,FE408,非洲菊-粉紅佳人,400,台中市場,94,94,94,94,20
2024.09.02,N06,FE409,非洲菊-粉紅魅力,400,台中市場,140,140,140,140,14
2024.09.02,N06,FE416,非洲菊-熱情粉,400,台中市場,150,143,100,136.1,156
2024.09.02,N06,FH000,其它花卉,400,台中市場,48,9,7,16.2,224
2024.09.02,N06,FH006,黃梔花,400,台中市場,65,54,42,54.1,651
2024.09.02,N06,FH008,洋甘菊,400,台中市場,155,146,130,144.7,49
2024.09.02,N06,FH009,萬壽菊,400,台中市場,100,100,100,100,9
2024.09.02,N06,FH101,天堂鳥,400,台中市場,52,51,49,50.5,61
2024.09.02,N06,FH112,小天堂鳥-桔帶紅,400,台中市場,95,82,70,82.4,54
2024.09.02,N06,FH137,觀音蓮,400,台中市場,5,5,5,5,72
2024.09.02,N06,FH156,野薑花-白,400,台中市場,59,54,49,54,38
2024.09.02,N06,FH158,紅薑花,400,台中市場,88,88,88,88,11
2024.09.02,N06,FH293,向日葵-單瓣,400,台中市場,152,104,28,99.1,123
2024.09.02,N06,FH294,向日葵-重瓣,400,台中市場,109,109,109,109,8
2024.09.02,N06,FH318,大理花-雙色,400,台中市場,71,71,71,71,15
2024.09.02,N06,FH330,雞冠花,400,台中市場,123,91,71,93.7,103
2024.09.02,N06,FH331,雞冠花-清紅,400,台中市場,123,104,44,96.6,78
2024.09.02,N06,FH336,垂雞冠,400,台中市場,57,57,57,57,34
2024.09.02,N06,FH339,雞冠花-粉,400,台中市場,130,125,120,125,40
2024.09.02,N06,FH381,麒麟草,400,台中市場,90,65,41,65.3,173
2024.09.02,N06,FH395,虎尾花,400,台中市場,88,88,88,88,20
2024.09.02,N06,FH460,繡球花,400,台中市場,63,45,38,46.9,75
2024.09.02,N06,FH640,睡蓮,400,台中市場,80,70,60,70.2,49
2024.09.02,N06,FH661,伯利恆之星,400,台中市場,29,29,29,29,30
2024.09.02,N06,FH670,茉莉花,400,台中市場,22,16,11,16.1,100
2024.09.02,N06,FL003,姬百合-姬百合三朵,400,台中市場,138,135,131,134.5,40
2024.09.02,N06,FL009,姬百合-姬百合多朵,400,台中市場,150,150,150,150,16
2024.09.02,N06,FL129,LA百合-橙多朵,400,台中市場,200,200,200,200,14
2024.09.02,N06,FM213,重瓣百合-艾蓮娜三朵,400,台中市場,158,158,158,158,14
2024.09.02,N06,FM219,重瓣百合-艾蓮娜多朵,400,台中市場,200,200,200,200,12
2024.09.02,N06,FO003,腎藥蘭-曼谷火焰,400,台中市場,14,11,9,11.2,180
2024.09.02,N06,FO007,千代蘭,400,台中市場,10,9,8,8.9,180
2024.09.02,N06,FO008,嘉德麗蘭,400,台中市場,7,7,7,7,32
2024.09.02,N06,FO022,萬代蘭-巨輪橙,400,台中市場,19,16,13,16,93
2024.09.02,N06,FO029,萬代蘭-巨輪棕,400,台中市場,15,13,11,13,50
2024.09.02,N06,FO335,檸檬綠文心蘭,400,台中市場,78,51,30,52.3,474
2024.09.02,N06,FO338,文心蘭-黃金天使,400,台中市場,47,40,33,39.9,76
2024.09.02,N06,FO340,文心蘭-愛琳娜,400,台中市場,70,64,56,63.5,65
2024.09.02,N06,FO663,蝴蝶蘭-白黃心,400,台中市場,80,80,80,80,10
2024.09.02,N06,FR000,玫瑰,400,台中市場,178,108,40,109.5,53
2024.09.02,N06,FR100,玫瑰-紅,400,台中市場,170,74,67,92.8,24
2024.09.02,N06,FR116,玫瑰-翡翠紅,400,台中市場,214,116,68,125.7,26
2024.09.02,N06,FR117,玫瑰-萬年紅,400,台中市場,220,66,33,90.1,116
2024.09.02,N06,FR120,玫瑰-埔里之星,400,台中市場,83,83,83,83,7
2024.09.02,N06,FR122,玫瑰-卡門,400,台中市場,131,104,98,107.9,20
2024.09.02,N06,FR208,玫瑰-香吉士,400,台中市場,230,230,230,230,6
2024.09.02,N06,FR300,玫瑰-黃,400,台中市場,100,68,40,70,28
2024.09.02,N06,FR308,玫瑰-陽光女孩,400,台中市場,180,180,180,180,6
2024.09.02,N06,FR408,玫瑰-黛安娜粉,400,台中市場,153,77,32,83.3,111
2024.09.02,N06,FR412,玫瑰-新香檳粉,400,台中市場,120,120,120,120,8
2024.09.02,N06,FR429,玫瑰-鐵達尼,400,台中市場,275,184,153,193.9,27
2024.09.02,N06,FR436,玫瑰-翡翠粉,400,台中市場,240,135,50,135.9,32
2024.09.02,N06,FR439,玫瑰-翡翠香檳,400,台中市場,240,210,170,205,12
2024.09.02,N06,FR457,玫瑰-寶貝粉,400,台中市場,220,220,220,220,5
2024.09.02,N06,FR607,玫瑰-翡翠白,400,台中市場,223,139,62,140.4,54
2024.09.02,N06,FR705,玫瑰-紫天王,400,台中市場,99,77,46,75.6,38
2024.09.02,N06,FS013,香水百合-紅三朵,400,台中市場,340,274,222,276.5,26
2024.09.02,N06,FS019,香水百合-紅多朵,400,台中市場,218,218,218,218,12
2024.09.02,N06,FS470,水晶香水,400,台中市場,119,102,88,102.3,26
2024.09.02,N06,FS473,水晶香水-三朵,400,台中市場,252,128,92,144.6,67
2024.09.02,N06,FS479,水晶香水-多朵,400,台中市場,300,194,158,207.8,55
2024.09.02,N06,FS630,OT曼尼薩,400,台中市場,270,270,270,270,10
2024.09.02,N06,FS632,OT曼尼薩-雙朵,400,台中市場,240,230,214,228.7,41
2024.09.02,N06,FS633,OT曼尼薩-三朵,400,台中市場,331,273,233,276.3,80
2024.09.02,N06,FS639,OT曼尼薩-多朵,400,台中市場,330,283,262,287.8,31
2024.09.02,N06,FS770,OT百合-節奏舞者,400,台中市場,250,250,250,250,11
2024.09.02,N06,FS772,OT百合-節奏舞者二朵,400,台中市場,79,79,79,79,22
2024.09.02,N06,FS773,OT百合-節奏舞者三朵,400,台中市場,273,273,273,273,15
2024.09.02,N06,FS779,OT百合-節奏舞者多朵,400,台中市場,290,288,286,288.2,22
2024.09.02,N06,FS780,OT百合-貝維爾,400,台中市場,121,121,121,121,18
2024.09.02,N06,FS782,OT百合-貝維爾雙朵,400,台中市場,108,108,108,108,20
2024.09.02,N06,FS851,OT瑪丹娜-單朵,400,台中市場,64,64,64,64,22
2024.09.02,N06,FS870,OT大連,400,台中市場,240,205,182,208,43
2024.09.02,N06,FS872,OT大連-雙朵,400,台中市場,234,225,221,226.2,40
2024.09.02,N06,FS873,OT大連-三朵,400,台中市場,324,280,199,272.6,233
2024.09.02,N06,FS879,OT大連-多朵,400,台中市場,369,335,282,331.8,113
2024.09.02,N06,FS970,OT紅福特,400,台中市場,234,234,234,234,13
2024.09.02,N06,FS979,OT紅福特-多朵,400,台中市場,351,342,298,335.2,54
2024.09.02,N06,FT061,鐵砲百合-白單朵,400,台中市場,200,146,101,147.9,80
2024.09.02,N06,FU000,洋桔梗,400,台中市場,155,139,70,128,44
2024.09.02,N06,FU151,洋吉梗-單瓣彩藍,400,台中市場,200,200,200,200,10
2024.09.02,N06,FU161,洋桔梗-單瓣白,400,台中市場,77,77,77,77,15
2024.09.02,N06,FU271,洋桔梗-單瓣白紫邊,400,台中市場,77,77,77,77,16
2024.09.02,N06,FU402,洋桔梗-雙瓣(混色),400,台中市場,144,121,108,123.7,23
2024.09.02,N06,FU442,洋桔梗-雙瓣粉,400,台中市場,165,165,165,165,10
2024.09.02,N06,FU458,洋桔梗-艾瑞娜綠,400,台中市場,147,131,120,132.3,48
2024.09.02,N06,FU465,洋桔梗-名人華麗白,400,台中市場,170,145,77,135.9,84
2024.09.02,N06,FU471,洋桔梗-重瓣淺紫,400,台中市場,144,137,119,134.9,53
2024.09.02,N06,FU472,洋桔梗-重瓣紫,400,台中市場,159,159,159,159,10
2024.09.02,N06,FU562,洋桔梗-珍妮白,400,台中市場,101,95,92,95.9,21
2024.09.02,N06,FU563,洋桔梗-新禧４雪白,400,台中市場,183,183,183,183,11
2024.09.02,N06,FU640,洋桔梗-金子彩粉,400,台中市場,93,93,93,93,12
2024.09.02,N06,FW560,滿天星-白,400,台中市場,100,100,100,100,27
2024.09.02,N06,FW600,水晶花-混合,400,台中市場,119,119,119,119,25
2024.09.02,N06,FY000,切葉類,400,台中市場,28,21,10,20.1,74
2024.09.02,N06,FY001,尤加利葉,400,台中市場,150,77,50,86.5,134
2024.09.02,N06,FY003,唐棉,400,台中市場,44,42,41,41.9,59
2024.09.02,N06,FY004,黃椰心葉,400,台中市場,120,102,85,101.9,62
2024.09.02,N06,FY009,電信蘭葉,400,台中市場,50,28,13,29.6,401
2024.09.02,N06,FY013,星點木,400,台中市場,75,75,75,75,22
2024.09.02,N06,FY015,葉蘭,400,台中市場,35,32,30,32.3,126
2024.09.02,N06,FY017,八角金盤,400,台中市場,30,28,26,28.2,110
2024.09.02,N06,FY021,扁柏,400,台中市場,17,17,16,16.5,60
2024.09.02,N06,FY050,山蘇葉,400,台中市場,28,22,15,21.7,179
2024.09.02,N06,FY057,百合竹,400,台中市場,27,23,10,21.1,156
2024.09.02,N06,FY083,紐西蘭麻,400,台中市場,49,49,49,49,31
2024.09.02,N06,FY086,綠春蘭葉,400,台中市場,12,12,12,12,55
2024.09.02,N06,FY093,水燭葉,400,台中市場,16,14,14,14.5,457
2024.09.02,N06,FY094,斑葉蘭,400,台中市場,70,70,70,70,30
2024.09.02,N06,FY099,銀蘆,400,台中市場,18,18,18,18,100
2024.09.02,N06,FY993,白竹,400,台中市場,66,60,45,57.9,304
2024.09.02,N06,IA000,進口康乃馨-中大輪,400,台中市場,135,135,135,135,12
2024.09.02,N06,IA001,進口康乃馨-混合色,400,台中市場,131,131,131,131,90
2024.09.02,N06,IC601,進口大菊-日本白,400,台中市場,280,280,280,280,7
2024.09.02,   ,IC616,,400,台中市,283,264,257,266.3,56
2024.09.02,N06,IC803,進口染色大菊-牡丹,400,台中市場,341,329,316,329.1,133
2024.09.02,N06,IH000,進口其它花卉,400,台中市場,68,13,12,23.8,130
2024.09.02,N06,IH090,進口針墊花,400,台中市場,34,32,30,32,200
2024.09.02,N06,IO519,進口石斛蘭-深紅,400,台中市場,124,121,121,121.6,80
2024.09.02,N06,IR100,進口玫瑰-紅,400,台中市場,850,850,850,850,8
2024.09.02,N06,IW560,進口滿天星-白,400,台中市場,134,116,114,119.5,204
2024.09.02,N06,IW580,滿天星-染色,400,台中市場,116,111,111,111.9,174
2024.09.02,   ,81,,423,東勢鎮,66.6,50,42.4,55.67,58.2
2024.09.02,N05,F1,雜柑-檸檬,423,東勢鎮,28.3,28.3,26.8,27.87,120.6
2024.09.02,N05,O10,梨-寶島甘露梨,423,東勢鎮,127.5,90.4,34,92.02,31795.8
2024.09.02,N05,P1,番石榴-珍珠芭,423,東勢鎮,50,50,50,50,30.6
2024.09.02,N05,Z1,柿子-紅柿,423,東勢鎮,61.4,55.6,47.5,55.87,3487.8
2024.09.02,N05,Z4,柿子-甜柿,423,東勢鎮,194.6,133.3,87,129.81,7566
2024.09.02,N04,FB1,花椰菜-青梗,512,永靖鄉,150,74,65,74,4698
2024.09.02,N04,FF1,絲瓜,512,永靖鄉,28,26,15,26.5,7095
2024.09.02,N04,FI2,茄子-麻荸茄,512,永靖鄉,95,45,35,45.2,2473
2024.09.02,N04,FM2,菜豆-青色,512,永靖鄉,130,59,20,59.3,1063
2024.09.02,N04,LC1,包心白-包白,512,永靖鄉,30,20,13,20.6,6482
2024.09.02,N04,FB1,花椰菜-青梗,514,溪湖鎮,100,90.5,74.3,89.2,1349
2024.09.02,N06,FB100,火鶴花-紅色,514,彰化市場,16,15,13,15,111
2024.09.02,N06,FB106,火鶴花-丘比特,514,彰化市場,17,11,9,12,146
2024.09.02,N06,FB113,火鶴花-紅鈴,514,彰化市場,18,11,8,12,360
2024.09.02,N06,FB407,火鶴花-夢幻,514,彰化市場,28,24,23,25,275
2024.09.02,N06,FB608,火鶴花-戀愛,514,彰化市場,23,23,19,22,140
2024.09.02,N06,FC316,大菊-黃精競,514,彰化市場,148,123,100,123,150
2024.09.02,N06,FC613,大菊-白天星,514,彰化市場,186,120,75,124,2264
2024.09.02,N06,FC804,染大菊-白天星,514,彰化市場,164,133,99,132,1062
2024.09.02,N06,FD001,小菊-混合色,514,彰化市場,137,137,137,137,23
2024.09.02,N04,FD1,花胡瓜,514,溪湖鎮,100,100,100,100,100
2024.09.02,N06,FD131,小菊-小紅娘,514,彰化市場,164,136,102,135,556
2024.09.02,N06,FD138,小菊-卡洛琳,514,彰化市場,128,80,60,85,119
2024.09.02,N06,FD200,小菊-金,514,彰化市場,160,122,68,119,560
2024.09.02,N06,FD300,小菊-黃,514,彰化市場,131,125,111,123,152
2024.09.02,N06,FD308,小菊-黃丁字菊,514,彰化市場,133,117,79,113,658
2024.09.02,N06,FD423,小菊-粉日記,514,彰化市場,174,119,65,119,476
2024.09.02,N06,FD456,小菊-卡洛粉,514,彰化市場,231,179,110,175,209
2024.09.02,N06,FD600,小菊-白,514,彰化市場,87,87,87,87,30
2024.09.02,N06,FD645,小菊-白斯不列,514,彰化市場,194,166,134,165,744
2024.09.02,N06,FD801,染小菊-芬蘭,514,彰化市場,182,168,139,165,151
2024.09.02,N06,FE000,非洲菊,514,彰化市場,97,97,97,97,14
2024.09.02,N06,FE001,非洲菊-混合色,514,彰化市場,137,126,104,124,405
2024.09.02,N06,FE110,非洲菊-卡布,514,彰化市場,135,135,135,135,60
2024.09.02,N06,FE111,非洲菊-上海紅,514,彰化市場,96,96,96,96,60
2024.09.02,N06,FE205,非洲菊-哈利熊,514,彰化市場,128,92,76,96,210
2024.09.02,N06,FE302,非洲菊-金爵,514,彰化市場,102,102,102,102,30
2024.09.02,N06,FE415,非洲菊-粉美麗,514,彰化市場,163,163,163,163,30
2024.09.02,N06,FE416,非洲菊-熱情粉,514,彰化市場,177,165,161,166,432
2024.09.02,N06,FE600,非洲菊-白,514,彰化市場,146,146,146,146,30
2024.09.02,N06,FE605,非洲菊-冰山,514,彰化市場,146,146,146,146,30
2024.09.02,N06,FE900,非洲菊-迷你混色,514,彰化市場,33,33,33,33,38
2024.09.02,N04,FF1,絲瓜,514,溪湖鎮,33.1,29.6,23.8,29.2,1577
2024.09.02,N04,FG1,苦瓜-白大米,514,溪湖鎮,141.7,105.7,60,103.8,219
2024.09.02,N06,FG105,劍蘭-２３５號,514,彰化市場,112,96,92,99,60
2024.09.02,N04,FG3,苦瓜-山苦瓜,514,溪湖鎮,50,42,41.4,43.5,57
2024.09.02,N06,FH000,其它花卉,514,彰化市場,28,14,6,15,242
2024.09.02,N06,FH004,八卦草(黃河),514,彰化市場,50,50,50,50,30
2024.09.02,N06,FH006,黃梔花,514,彰化市場,62,52,30,49,883
2024.09.02,N06,FH008,洋甘菊,514,彰化市場,250,250,250,250,24
2024.09.02,N06,FH009,萬壽菊,514,彰化市場,130,122,57,110,33
2024.09.02,N06,FH112,小天堂鳥-桔帶紅,514,彰化市場,75,60,40,59,142
2024.09.02,N06,FH156,野薑花-白,514,彰化市場,49,49,49,49,12
2024.09.02,N06,FH251,秀線,514,彰化市場,43,30,15,30,150
2024.09.02,N06,FH293,向日葵-單瓣,514,彰化市場,134,120,86,116,203
2024.09.02,N04,FH3,扁蒲-花蒲,514,溪湖鎮,37.7,27.6,25,29.1,186
2024.09.02,N06,FH330,雞冠花,514,彰化市場,79,75,74,76,70
2024.09.02,N06,FH331,雞冠花-清紅,514,彰化市場,113,93,71,93,121
2024.09.02,N06,FH381,麒麟草,514,彰化市場,126,107,85,107,370
2024.09.02,N06,FH395,虎尾花,514,彰化市場,63,63,63,63,20
2024.09.02,N06,FH640,睡蓮,514,彰化市場,38,38,38,38,15
2024.09.02,N06,FH670,茉莉花,514,彰化市場,28,28,28,28,30
2024.09.02,N04,FI2,茄子-麻荸茄,514,溪湖鎮,50,50,50,50,14
2024.09.02,N06,FL000,姬百合,514,彰化市場,47,47,47,47,22
2024.09.02,N06,FL003,姬百合-姬百合三朵,514,彰化市場,93,93,93,93,40
2024.09.02,N06,FL009,姬百合-姬百合多朵,514,彰化市場,109,109,109,109,16
2024.09.02,N06,FL129,LA百合-橙多朵,514,彰化市場,165,165,165,165,42
2024.09.02,N04,FM1,菜豆-白色,514,溪湖鎮,106.8,64.6,57.8,71.7,110
2024.09.02,N04,FM2,菜豆-青色,514,溪湖鎮,96.2,86.3,80,87,85
2024.09.02,N06,FM219,重瓣百合-艾蓮娜多朵,514,彰化市場,152,152,152,152,24
2024.09.02,N06,FO003,腎藥蘭-曼谷火焰,514,彰化市場,13,13,13,13,80
2024.09.02,N06,FO008,嘉德麗蘭,514,彰化市場,8,8,8,8,26
2024.09.02,N06,FO335,檸檬綠文心蘭,514,彰化市場,59,47,30,46,774
2024.09.02,N06,FO340,文心蘭-愛琳娜,514,彰化市場,51,45,38,45,30
2024.09.02,N06,FR000,玫瑰,514,彰化市場,212,78,37,97,170
2024.09.02,N06,FR100,玫瑰-紅,514,彰化市場,271,116,60,135,52
2024.09.02,N06,FR114,玫瑰-荷蘭紅,514,彰化市場,233,200,102,188,22
2024.09.02,N06,FR116,玫瑰-翡翠紅,514,彰化市場,323,229,139,230,15
2024.09.02,N06,FR117,玫瑰-萬年紅,514,彰化市場,128,57,37,67,125
2024.09.02,N06,FR120,玫瑰-埔里之星,514,彰化市場,171,115,73,118,13
2024.09.02,N06,FR308,玫瑰-陽光女孩,514,彰化市場,200,196,191,196,12
2024.09.02,N06,FR408,玫瑰-黛安娜粉,514,彰化市場,162,74,34,84,153
2024.09.02,N06,FR429,玫瑰-鐵達尼,514,彰化市場,250,195,162,200,23
2024.09.02,N06,FR439,玫瑰-翡翠香檳,514,彰化市場,273,169,93,175,24
2024.09.02,N06,FR460,玫瑰-天堂粉,514,彰化市場,112,34,28,49,40
2024.09.02,N06,FR607,玫瑰-翡翠白,514,彰化市場,207,115,55,122,137
2024.09.02,N06,FR705,玫瑰-紫天王,514,彰化市場,81,72,32,66,40
2024.09.02,N06,FS010,香水百合-紅,514,彰化市場,138,109,93,112,29
2024.09.02,N06,FS011,香水百合-紅單朵,514,彰化市場,113,113,113,113,18
2024.09.02,N06,FS012,香水百合-紅雙朵,514,彰化市場,242,204,174,206,30
2024.09.02,N06,FS013,香水百合-紅三朵,514,彰化市場,290,271,203,261,76
2024.09.02,N06,FS019,香水百合-紅多朵,514,彰化市場,333,248,78,231,30
2024.09.02,N06,FS033,香水百合-黃三朵,514,彰化市場,127,127,127,127,15
2024.09.02,N06,FS040,香水百合-粉,514,彰化市場,136,136,136,136,14
2024.09.02,N06,FS049,香水百合-粉多朵,514,彰化市場,182,167,163,169,30
2024.09.02,N06,FS060,香水百合-白,514,彰化市場,152,152,152,152,16
2024.09.02,N06,FS470,水晶香水,514,彰化市場,250,250,250,250,11
2024.09.02,N06,FS472,水晶香水-雙朵,514,彰化市場,120,98,83,99,34
2024.09.02,N06,FS473,水晶香水-三朵,514,彰化市場,227,153,105,158,133
2024.09.02,N06,FS479,水晶香水-多朵,514,彰化市場,324,245,197,251,96
2024.09.02,N06,FS630,OT曼尼薩,514,彰化市場,224,154,97,156,52
2024.09.02,N06,FS631,OT曼尼薩-單朵,514,彰化市場,116,116,116,116,14
2024.09.02,N06,FS632,OT曼尼薩-雙朵,514,彰化市場,226,187,118,181,300
2024.09.02,N06,FS633,OT曼尼薩-三朵,514,彰化市場,280,235,189,235,352
2024.09.02,N06,FS639,OT曼尼薩-多朵,514,彰化市場,296,260,227,261,185
2024.09.02,N06,FS772,OT百合-節奏舞者二朵,514,彰化市場,153,153,153,153,15
2024.09.02,N06,FS773,OT百合-節奏舞者三朵,514,彰化市場,236,206,192,209,36
2024.09.02,N06,FS779,OT百合-節奏舞者多朵,514,彰化市場,253,197,181,205,118
2024.09.02,N06,FS782,OT百合-貝維爾雙朵,514,彰化市場,55,55,55,55,18
2024.09.02,N06,FS783,OT百合-貝維爾三朵,514,彰化市場,89,89,89,89,32
2024.09.02,N06,FS789,OT百合-貝維爾多朵,514,彰化市場,182,117,99,126,82
2024.09.02,N06,FS870,OT大連,514,彰化市場,202,174,158,176,24
2024.09.02,N06,FS871,OT大連-單朵,514,彰化市場,122,122,122,122,13
2024.09.02,N06,FS872,OT大連-雙朵,514,彰化市場,191,174,146,172,109
2024.09.02,N06,FS873,OT大連-三朵,514,彰化市場,260,220,171,218,497
2024.09.02,N06,FS879,OT大連-多朵,514,彰化市場,273,246,200,242,397
2024.09.02,N06,FS890,OT帕雷諾,514,彰化市場,159,159,159,159,15
2024.09.02,N06,FS893,OT帕雷諾-三朵,514,彰化市場,272,257,242,257,24
2024.09.02,N06,FS899,OT帕雷諾-多朵,514,彰化市場,289,273,271,276,40
2024.09.02,N06,FS920,OT帕芳多,514,彰化市場,83,83,83,83,12
2024.09.02,N06,FS921,OT帕芳多-單朵,514,彰化市場,106,100,94,100,24
2024.09.02,N06,FS922,OT帕芳多-雙朵,514,彰化市場,104,104,104,104,16
2024.09.02,N06,FS923,OT帕芳多-三朵,514,彰化市場,127,124,123,125,20
2024.09.02,N06,FS929,OT帕芳多-多朵,514,彰化市場,132,132,132,132,10
2024.09.02,N06,FS963,OT試金石-三朵,514,彰化市場,203,129,99,138,102
2024.09.02,N06,FS969,OT試金石-多朵,514,彰化市場,235,165,103,167,230
2024.09.02,N06,FS970,OT紅福特,514,彰化市場,177,177,177,177,16
2024.09.02,N06,FS972,OT紅福特-雙朵,514,彰化市場,163,74,47,87,88
2024.09.02,N06,FS973,OT紅福特-三朵,514,彰化市場,258,189,96,184,131
2024.09.02,N06,FS979,OT紅福特-多朵,514,彰化市場,349,254,172,257,355
2024.09.02,N06,FS983,OT百合-美麗果三朵,514,彰化市場,263,246,230,246,27
2024.09.02,N06,FS989,OT百合-美麗果多朵,514,彰化市場,252,252,252,252,32
2024.09.02,N06,FT061,鐵砲百合-白單朵,514,彰化市場,133,133,133,133,60
2024.09.02,N06,FU000,洋桔梗,514,彰化市場,142,134,117,132,55
2024.09.02,N06,FU111,洋桔梗-單瓣紅,514,彰化市場,72,72,72,72,12
2024.09.02,N06,FU402,洋桔梗-雙瓣(混色),514,彰化市場,67,58,48,58,29
2024.09.02,N06,FU442,洋桔梗-雙瓣粉,514,彰化市場,130,101,73,101,76
2024.09.02,N06,FU445,洋桔梗-可羅淺粉,514,彰化市場,85,76,73,77,35
2024.09.02,N06,FU449,洋桔梗-艾瑞娜彩粉,514,彰化市場,121,116,84,111,85
2024.09.02,N06,FU453,洋桔梗-雙瓣綠,514,彰化市場,113,106,98,106,44
2024.09.02,N06,FU458,洋桔梗-艾瑞娜綠,514,彰化市場,133,123,113,123,22
2024.09.02,N06,FU465,洋桔梗-名人華麗白,514,彰化市場,180,167,103,157,83
2024.09.02,N06,FU471,洋桔梗-重瓣淺紫,514,彰化市場,168,141,132,145,60
2024.09.02,N06,FU472,洋桔梗-重瓣紫,514,彰化市場,91,76,53,74,38
2024.09.02,N06,FU563,洋桔梗-新禧４雪白,514,彰化市場,130,120,112,121,23
2024.09.02,N06,FU640,洋桔梗-金子彩粉,514,彰化市場,106,104,82,100,66
2024.09.02,N06,FW240,粉孔雀,514,彰化市場,84,84,84,84,100
2024.09.02,N06,FW472,卡斯比亞-無葉,514,彰化市場,105,97,82,96,45
2024.09.02,N04,FY0,玉米-其他,514,溪湖鎮,33.3,33.3,33.3,33.3,30
2024.09.02,N06,FY000,切葉類,514,彰化市場,40,30,11,28,50
2024.09.02,N06,FY001,尤加利葉,514,彰化市場,72,42,38,47,75
2024.09.02,N06,FY003,唐棉,514,彰化市場,74,72,61,70,80
2024.09.02,N06,FY004,黃椰心葉,514,彰化市場,140,77,66,87,204
2024.09.02,N06,FY009,電信蘭葉,514,彰化市場,86,57,24,56,587
2024.09.02,N06,FY013,星點木,514,彰化市場,47,47,47,47,22
2024.09.02,N06,FY015,葉蘭,514,彰化市場,10,10,10,10,20
2024.09.02,N06,FY017,八角金盤,514,彰化市場,56,53,50,53,95
2024.09.02,N06,FY021,扁柏,514,彰化市場,35,31,31,32,120
2024.09.02,N06,FY028,高梁,514,彰化市場,29,29,29,29,37
2024.09.02,N06,FY050,山蘇葉,514,彰化市場,31,30,13,27,268
2024.09.02,N06,FY057,百合竹,514,彰化市場,37,33,27,33,1024
2024.09.02,N06,FY071,雪松,514,彰化市場,75,75,75,75,30
2024.09.02,N06,FY083,紐西蘭麻,514,彰化市場,24,24,24,24,21
2024.09.02,N06,FY084,火龍果,514,彰化市場,181,181,156,176,91
2024.09.02,N06,FY086,綠春蘭葉,514,彰化市場,10,10,10,10,30
2024.09.02,N06,FY093,水燭葉,514,彰化市場,15,13,10,13,580
2024.09.02,N06,FY099,銀蘆,514,彰化市場,18,18,18,18,100
2024.09.02,N06,FY100,山防風,514,彰化市場,103,103,103,103,20
2024.09.02,N06,FY991,青竹,514,彰化市場,133,133,133,133,10
2024.09.02,N06,FY993,白竹,514,彰化市場,67,59,44,58,649
2024.09.02,N06,FY996,蓮花竹,514,彰化市場,30,27,15,25,155
2024.09.02,N06,IA000,進口康乃馨-中大輪,514,彰化市場,280,119,88,146,43
2024.09.02,N06,IA001,進口康乃馨-混合色,514,彰化市場,137,137,137,137,90
2024.09.02,N06,IC601,進口大菊-日本白,514,彰化市場,253,253,253,253,7
2024.09.02,   ,IC616,,514,溪湖鎮,249,249,249,249,77
2024.09.02,N06,IC803,進口染色大菊-牡丹,514,彰化市場,329,301,286,304,210
2024.09.02,N06,IH000,進口其它花卉,514,彰化市場,55,26,14,29,180
2024.09.02,N06,IH090,進口針墊花,514,彰化市場,32,32,32,32,150
2024.09.02,N06,IO519,進口石斛蘭-深紅,514,彰化市場,143,128,120,130,220
2024.09.02,N06,IW560,進口滿天星-白,514,彰化市場,159,147,102,140,222
2024.09.02,N06,IW580,滿天星-染色,514,彰化市場,154,140,131,141,174
2024.09.02,N04,LA1,甘藍-初秋,514,溪湖鎮,83.4,60,30,58.7,999
2024.09.02,N04,LA2,甘藍-改良種,514,溪湖鎮,48.9,36.8,20.5,35.9,2781
2024.09.02,N04,LB1,小白菜-土白菜,514,溪湖鎮,33.6,23.4,15,23.7,341
2024.09.02,N04,LC1,包心白-包白,514,溪湖鎮,35,28.5,18.9,27.9,1464
2024.09.02,N04,LD1,青江白菜-小梗,514,溪湖鎮,34.2,23.3,15,23.8,341
2024.09.02,N04,LF2,蕹菜-小葉,514,溪湖鎮,42.6,27.7,16.7,28.5,211
2024.09.02,N04,LG2,芹菜-白梗,514,溪湖鎮,174.3,141.7,100,139.9,150
2024.09.02,N04,LK2,芥藍菜,514,溪湖鎮,46.4,32.5,20,32.8,239
2024.09.02,N04,LN1,油菜,514,溪湖鎮,32,23.3,15,23.4,360
2024.09.02,N04,SA32,蘿蔔-矸仔,514,溪湖鎮,28.6,25,17.9,24.3,1400
2024.09.02,N04,SA9,蘿蔔-進口,514,溪湖鎮,37.5,32.5,27.5,32.5,1501
2024.09.02,N04,SB2,胡蘿蔔-清洗,514,溪湖鎮,25,20,15,20,1000
2024.09.02,N04,SD1,洋蔥-本產,514,溪湖鎮,25,20,15,20,1012
2024.09.02,N04,SE6,青蔥-粉蔥,514,溪湖鎮,120,120,120,120,30
2024.09.02,N04,SF3,韭菜-韭菜花,514,溪湖鎮,133.3,95.1,92.6,102.2,37
2024.09.02,N04,SO0,甘薯-其他,514,溪湖鎮,34.7,21.7,16.7,23.3,1499
2024.09.02,N04,SX1,芽菜類-綠豆芽,514,溪湖鎮,13,13,13,13,901
2024.09.02,N05,11,椰子,600,嘉義市,25,18,13,18,500
2024.09.02,N05,31,釋迦,600,嘉義市,108,75,50,75,500
2024.09.02,N05,51,百香果-改良種,600,嘉義市,95,56,40,56,1700
2024.09.02,N05,72,小番茄-聖女,600,嘉義市,146,90,75,90,600
2024.09.02,N05,811,紅龍果-白肉,600,嘉義市,66,40,20,40,1000
2024.09.02,N05,812,紅龍果-紅肉,600,嘉義市,85,40,25,40,2000
2024.09.02,N05,839,櫻桃-進口,600,嘉義市,530,430,350,430,1000
2024.09.02,N05,859,榴槤-進口,600,嘉義市,250,150,135,150,1200
2024.09.02,N05,91,其他,600,嘉義市,55,36,20,36,3200
2024.09.02,N05,A1,香蕉,600,嘉義市,60,48,35,48,1800
2024.09.02,N05,B2,鳳梨-金鑽鳳梨,600,嘉義市,40,33,20,33,4000
2024.09.02,N05,E9,甜橙-進口,600,嘉義市,70,63,50,63,1500
2024.09.02,N05,F1,雜柑-檸檬,600,嘉義市,30,20,13,20,3500
2024.09.02,N05,G3,酪梨,600,嘉義市,75,53,30,53,2500
2024.09.02,N05,G49,奇異果-進口,600,嘉義市,170,125,80,125,2200
2024.09.02,N05,H1,柚子-文旦,600,嘉義市,55,26,14,26,12000
2024.09.02,N05,H5,葡萄柚-白肉,600,嘉義市,38,24,18,24,800
2024.09.02,N05,I1,木瓜-網室紅肉,600,嘉義市,82,58,38,58,3000
2024.09.02,N05,K3,龍眼-粉殼,600,嘉義市,102,67,30,67,1200
2024.09.02,N05,O3,梨-世紀梨,600,嘉義市,106,73,46,73,3600
2024.09.02,N05,P1,番石榴-珍珠芭,600,嘉義市,75,55,45,55,800
2024.09.02,N05,Q1,蓮霧-紅蓮霧,600,嘉義市,128,110,70,110,1000
2024.09.02,N05,R4,芒果-凱特,600,嘉義市,85,54,40,54,600
2024.09.02,N05,S1,葡萄-巨峰,600,嘉義市,116,85,56,85,1800
2024.09.02,N05,S9,葡萄-進口,600,嘉義市,220,160,120,160,2600
2024.09.02,N05,T1,西瓜-大西瓜,600,嘉義市,45,38,25,38,400
2024.09.02,N05,T5,西瓜-黃肉,600,嘉義市,43,27,22,27,5000
2024.09.02,N05,V1,甜瓜-美濃,600,嘉義市,65,32,16,32,2300
2024.09.02,N05,W1,洋香瓜-網狀紅肉,600,嘉義市,72,43,30,43,1200
2024.09.02,N05,X09,蘋果-其他進口,600,嘉義市,126,98,65,98,6800
2024.09.02,N05,Z4,柿子-甜柿,600,嘉義市,125,80,50,80,1800
2024.09.02,N04,FB1,花椰菜-青梗,648,西螺鎮,105,80,50,79,3000
2024.09.02,N04,FC1,胡瓜-黑刺,648,西螺鎮,50,40,20,38.4,17145
2024.09.02,N04,FD1,花胡瓜,648,西螺鎮,94.3,77.8,33.4,72.3,27200
2024.09.02,N04,FE1,冬瓜-白皮,648,西螺鎮,32.8,25,15,25,14465
2024.09.02,N04,FF1,絲瓜,648,西螺鎮,52.4,38.9,19.5,38,30915
2024.09.02,N04,FG1,苦瓜-白大米,648,西螺鎮,112.4,80,30,77.9,12836
2024.09.02,N04,FH3,扁蒲-花蒲,648,西螺鎮,31.9,28,16,26.4,10269
2024.09.02,N04,FH4,扁蒲-梨子蒲,648,西螺鎮,45,35,17.5,33.5,3720
2024.09.02,N04,FI2,茄子-麻荸茄,648,西螺鎮,71.8,55.6,27.8,53.6,14892
2024.09.02,N04,FJ3,番茄-牛番茄,648,西螺鎮,110.1,70,30,70,28760
2024.09.02,N04,FK5,甜椒-青椒,648,西螺鎮,119.9,90,45,87,7459
2024.09.02,N04,FL9,豌豆-進口,648,西螺鎮,187.5,175,150,172.5,924
2024.09.02,N04,FM1,菜豆-白色,648,西螺鎮,100,89.4,50,85,6300
2024.09.02,N04,FN1,敏豆-白豆,648,西螺鎮,236.2,180,80,172.6,4852
2024.09.02,N04,FR9,青花苔-進口,648,西螺鎮,112.5,100,68.8,96.3,13120
2024.09.02,N04,FV1,辣椒-紅小,648,西螺鎮,156.8,120,50,114.5,1850
2024.09.02,N04,FY6,玉米-甜軟殼,648,西螺鎮,54.9,43.1,23.4,42.5,15731
2024.09.02,N04,LA1,甘藍-初秋,648,西螺鎮,96.3,73.4,33.4,70,11010
2024.09.02,N04,LA2,甘藍-改良種,648,西螺鎮,51.6,40,20,38.3,139230
2024.09.02,N04,LB12,小白菜-土白菜,648,西螺鎮,29.9,22.2,12.5,23.3,7182
2024.09.02,N04,LB2,小白菜-蚵仔白,648,西螺鎮,30,22.5,12.5,22.2,23630
2024.09.02,N04,LC1,包心白-包白,648,西螺鎮,20,15,7.5,14.5,50262
2024.09.02,N04,LD1,青江白菜-小梗,648,西螺鎮,32.1,24.9,15,24.6,22531
2024.09.02,N04,LF2,蕹菜-小葉,648,西螺鎮,42.9,30,16.7,30.2,24667
2024.09.02,N04,LG2,芹菜-白梗,648,西螺鎮,174.4,147.7,100,144.7,4455
2024.09.02,N04,LI3,萵苣菜-本島圓葉,648,西螺鎮,62.1,47.5,30,47.6,4714
2024.09.02,N04,LJ4,芥菜-小芥菜,648,西螺鎮,50,40,22.5,39.5,6274
2024.09.02,N04,LK2,芥藍菜,648,西螺鎮,39.3,30,17.5,30.4,6595
2024.09.02,N04,LM2,莧菜-白莧菜,648,西螺鎮,79.3,66.5,40,64.7,7372
2024.09.02,N04,LN1,油菜,648,西螺鎮,27.8,22.4,12.5,21.7,24351
2024.09.02,N04,OX1,其他,648,西螺鎮,109.7,53.8,25.3,49,12536
2024.09.02,N04,SA32,蘿蔔-矸仔,648,西螺鎮,30,25,15,24,2640
2024.09.02,N04,SA9,蘿蔔-進口,648,西螺鎮,37.5,32.5,27.5,32.5,35760
2024.09.02,N04,SB2,胡蘿蔔-清洗,648,西螺鎮,25,20,15,20,37380
2024.09.02,N04,SC1,馬鈴薯-本產,648,西螺鎮,31.3,27.1,16.7,25.9,19440
2024.09.02,N04,SD1,洋蔥-本產,648,西螺鎮,25,20,15,20,26052
2024.09.02,N04,SE6,青蔥-粉蔥,648,西螺鎮,149.9,120,83.4,118.7,16748
2024.09.02,N04,SF1,韭菜-白頭,648,西螺鎮,50,50,50,50,3975
2024.09.02,N04,SG2,大蒜-軟梗,648,西螺鎮,300,233.4,183.4,236.7,1530
2024.09.02,N04,SG5,大蒜-蒜頭,648,西螺鎮,150,116.7,83.4,116.7,828
2024.09.02,N04,SG6,大蒜-蒜仁,648,西螺鎮,133.4,116.7,83.4,2024.4,3996
2024.09.02,N04,SJ2,芋-檳榔心芋,648,西螺鎮,80,66.7,40,64,9060
2024.09.02,N04,SO1,甘薯-臺農57號,648,西螺鎮,40,26.7,18.4,27.7,12150
2024.09.02,N04,SP1,薑-老薑,648,西螺鎮,91.7,72.3,44.5,70.6,9774
2024.09.02,N06,FB000,火鶴花,700,台南市場,19,13,5,13,141
2024.09.02,N06,FB001,火鶴花-混色,700,台南市場,15,15,15,15,45
2024.09.02,N06,FB100,火鶴花-紅色,700,台南市場,14,14,14,14,40
2024.09.02,N06,FB106,火鶴花-丘比特,700,台南市場,20,15,8,15,147
2024.09.02,N06,FB111,火鶴花-月光,700,台南市場,18,15,11,15,120
2024.09.02,N06,FB113,火鶴花-紅鈴,700,台南市場,17,15,14,15,120
2024.09.02,N06,FB407,火鶴花-夢幻,700,台南市場,19,19,18,19,113
2024.09.02,N06,FB415,火鶴花-羅莎,700,台南市場,14,14,14,14,45
2024.09.02,N06,FB426,火鶴花-粉蕾絲,700,台南市場,12,10,7,10,75
2024.09.02,N06,FB502,火鶴花-綠紅心,700,台南市場,14,14,14,14,40
2024.09.02,N06,FB700,火鶴花-紫色,700,台南市場,0,0,0,0,0
2024.09.02,N06,FB800,火鶴花-咖啡紅,700,台南市場,17,14,12,14,75
2024.09.02,N06,FB802,火鶴花-大地,700,台南市場,10,6,5,7,277
2024.09.02,N06,FC316,大菊-黃精競,700,台南市場,190,99,37,105,73
2024.09.02,N06,FC613,大菊-白天星,700,台南市場,125,87,50,87,75
2024.09.02,N06,FC804,染大菊-白天星,700,台南市場,145,81,36,84,980
2024.09.02,N06,FD131,小菊-小紅娘,700,台南市場,144,115,87,115,272
2024.09.02,N06,FD200,小菊-金,700,台南市場,181,136,102,138,141
2024.09.02,N06,FD308,小菊-黃丁字菊,700,台南市場,132,119,86,115,243
2024.09.02,N06,FD321,小菊-吉祥黃,700,台南市場,137,125,107,124,59
2024.09.02,N06,FD423,小菊-粉日記,700,台南市場,154,134,76,126,210
2024.09.02,N06,FD456,小菊-卡洛粉,700,台南市場,190,190,190,190,180
2024.09.02,N06,FD600,小菊-白,700,台南市場,70,70,70,70,30
2024.09.02,N06,FD645,小菊-白斯不列,700,台南市場,183,141,120,145,152
2024.09.02,N06,FE001,非洲菊-混合色,700,台南市場,121,89,25,83,450
2024.09.02,N06,FE110,非洲菊-卡布,700,台南市場,142,138,133,138,38
2024.09.02,N06,FE111,非洲菊-上海紅,700,台南市場,112,112,112,112,40
2024.09.02,N06,FE200,非洲菊-橙,700,台南市場,94,68,54,71,145
2024.09.02,N06,FE201,非洲菊-太陽神,700,台南市場,127,83,39,83,40
2024.09.02,N06,FE300,非洲菊-黃,700,台南市場,139,129,45,114,100
2024.09.02,N06,FE400,非洲菊-粉,700,台南市場,140,140,140,140,20
2024.09.02,N06,FE401,非洲菊-伊斯瑪拉,700,台南市場,172,135,98,135,40
2024.09.02,N06,FE409,非洲菊-粉紅魅力,700,台南市場,121,121,121,121,20
2024.09.02,N06,FE416,非洲菊-熱情粉,700,台南市場,170,100,66,107,180
2024.09.02,N06,FE600,非洲菊-白,700,台南市場,91,86,83,87,90
2024.09.02,N06,FE704,非洲菊-女王,700,台南市場,136,136,136,136,20
2024.09.02,N06,FE900,非洲菊-迷你混色,700,台南市場,74,58,42,58,209
2024.09.02,N06,FG000,劍蘭,700,台南市場,20,20,20,20,22
2024.09.02,N06,FG105,劍蘭-２３５號,700,台南市場,71,52,34,52,164
2024.09.02,N06,FG116,劍蘭-雙色金紅,700,台南市場,67,63,61,64,35
2024.09.02,N06,FG121,劍蘭-２６５號,700,台南市場,64,32,16,35,78
2024.09.02,N06,FG406,劍蘭-青殼粉,700,台南市場,59,27,21,32,131
2024.09.02,N06,FH006,黃梔花,700,台南市場,58,41,26,41,518
2024.09.02,N06,FH008,洋甘菊,700,台南市場,0,0,0,0,0
2024.09.02,N06,FH009,萬壽菊,700,台南市場,81,81,81,81,18
2024.09.02,N06,FH101,天堂鳥,700,台南市場,67,50,35,50,44
2024.09.02,N06,FH112,小天堂鳥-桔帶紅,700,台南市場,76,61,39,60,119
2024.09.02,N06,FH137,觀音蓮,700,台南市場,15,12,9,12,522
2024.09.02,N06,FH140,薑荷花,700,台南市場,55,53,50,53,44
2024.09.02,N06,FH156,野薑花-白,700,台南市場,62,58,48,57,62
2024.09.02,N06,FH230,夜來香,700,台南市場,26,26,26,26,9
2024.09.02,N06,FH251,秀線,700,台南市場,45,35,25,35,60
2024.09.02,N06,FH293,向日葵-單瓣,700,台南市場,129,109,84,108,116
2024.09.02,N06,FH294,向日葵-重瓣,700,台南市場,107,107,107,107,8
2024.09.02,N06,FH330,雞冠花,700,台南市場,115,89,63,89,127
2024.09.02,N06,FH331,雞冠花-清紅,700,台南市場,120,107,61,100,94
2024.09.02,N06,FH336,垂雞冠,700,台南市場,33,33,33,33,16
2024.09.02,N06,FH358,珊瑚鳳梨,700,台南市場,100,100,100,100,20
2024.09.02,N06,FH381,麒麟草,700,台南市場,102,87,49,82,623
2024.09.02,N06,FH395,虎尾花,700,台南市場,106,106,106,106,20
2024.09.02,N06,FH470,仙丹花,700,台南市場,15,15,15,15,26
2024.09.02,N06,FH522,迥香-白,700,台南市場,0,0,0,0,0
2024.09.02,N06,FH661,伯利恆之星,700,台南市場,16,16,16,16,30
2024.09.02,N06,FL000,姬百合,700,台南市場,84,84,84,84,11
2024.09.02,N06,FL009,姬百合-姬百合多朵,700,台南市場,129,129,129,129,9
2024.09.02,N06,FL122,LA百合-橙雙朵,700,台南市場,119,119,119,119,22
2024.09.02,N06,FL129,LA百合-橙多朵,700,台南市場,159,141,135,144,44
2024.09.02,N06,FM013,重瓣百合-紅三朵,700,台南市場,41,41,41,41,8
2024.09.02,N06,FM019,重瓣百合-紅多朵,700,台南市場,62,46,41,48,24
2024.09.02,N06,FM219,重瓣百合-艾蓮娜多朵,700,台南市場,233,233,233,233,12
2024.09.02,N06,FO003,腎藥蘭-曼谷火焰,700,台南市場,75,68,61,68,32
2024.09.02,N06,FO007,千代蘭,700,台南市場,41,40,39,40,52
2024.09.02,N06,FO009,萬代蘭,700,台南市場,84,77,70,77,36
2024.09.02,N06,FO022,萬代蘭-巨輪橙,700,台南市場,14,12,11,12,87
2024.09.02,N06,FO026,萬代蘭-巨輪白,700,台南市場,15,15,15,15,30
2024.09.02,N06,FO027,萬代蘭-巨輪紫,700,台南市場,46,37,25,37,109
2024.09.02,N06,FO335,檸檬綠文心蘭,700,台南市場,93,53,30,57,762
2024.09.02,N06,FO340,文心蘭-愛琳娜,700,台南市場,73,54,33,53,45
2024.09.02,N06,FO560,石斛蘭-白,700,台南市場,85,85,85,85,18
2024.09.02,N06,FR000,玫瑰,700,台南市場,251,100,50,120,80
2024.09.02,N06,FR001,玫瑰-混合色,700,台南市場,183,146,116,148,17
2024.09.02,N06,FR100,玫瑰-紅,700,台南市場,163,67,62,85,30
2024.09.02,N06,FR117,玫瑰-萬年紅,700,台南市場,107,33,25,46,169
2024.09.02,N06,FR122,玫瑰-卡門,700,台南市場,105,80,26,74,24
2024.09.02,N06,FR208,玫瑰-香吉士,700,台南市場,225,225,225,225,7
2024.09.02,N06,FR300,玫瑰-黃,700,台南市場,100,77,49,76,28
2024.09.02,N06,FR429,玫瑰-鐵達尼,700,台南市場,187,143,107,145,17
2024.09.02,N06,FR439,玫瑰-翡翠香檳,700,台南市場,94,35,14,43,64
2024.09.02,N06,FR607,玫瑰-翡翠白,700,台南市場,210,117,105,134,24
2024.09.02,N06,FS000,香水百合,700,台南市場,260,88,49,116,58
2024.09.02,N06,FS002,香水百合-雙朵,700,台南市場,149,143,140,144,30
2024.09.02,N06,FS010,香水百合-紅,700,台南市場,251,179,154,189,48
2024.09.02,N06,FS011,香水百合-紅單朵,700,台南市場,104,104,104,104,21
2024.09.02,N06,FS012,香水百合-紅雙朵,700,台南市場,148,148,148,148,15
2024.09.02,N06,FS013,香水百合-紅三朵,700,台南市場,254,236,181,229,42
2024.09.02,N06,FS019,香水百合-紅多朵,700,台南市場,279,261,179,248,68
2024.09.02,N06,FS030,香水百合-黃,700,台南市場,179,179,179,179,12
2024.09.02,N06,FS032,香水百合-黃雙朵,700,台南市場,75,75,75,75,30
2024.09.02,N06,FS033,香水百合-黃三朵,700,台南市場,100,100,100,100,12
2024.09.02,N06,FS049,香水百合-粉多朵,700,台南市場,233,233,233,233,10
2024.09.02,N06,FS063,香水百合-白三朵,700,台南市場,95,91,90,92,44
2024.09.02,N06,FS470,水晶香水,700,台南市場,122,122,122,122,12
2024.09.02,N06,FS472,水晶香水-雙朵,700,台南市場,31,31,31,31,15
2024.09.02,N06,FS473,水晶香水-三朵,700,台南市場,214,126,81,135,210
2024.09.02,N06,FS479,水晶香水-多朵,700,台南市場,272,215,134,210,116
2024.09.02,N06,FS630,OT曼尼薩,700,台南市場,241,160,90,162,21
2024.09.02,N06,FS632,OT曼尼薩-雙朵,700,台南市場,229,158,120,164,122
2024.09.02,N06,FS633,OT曼尼薩-三朵,700,台南市場,325,248,145,243,239
2024.09.02,N06,FS639,OT曼尼薩-多朵,700,台南市場,335,286,183,275,182
2024.09.02,N06,FS773,OT百合-節奏舞者三朵,700,台南市場,230,144,113,155,62
2024.09.02,N06,FS779,OT百合-節奏舞者多朵,700,台南市場,285,236,211,241,86
2024.09.02,N06,FS780,OT百合-貝維爾,700,台南市場,130,130,130,130,18
2024.09.02,N06,FS789,OT百合-貝維爾多朵,700,台南市場,201,201,201,201,36
2024.09.02,N06,FS870,OT大連,700,台南市場,191,162,120,160,55
2024.09.02,N06,FS872,OT大連-雙朵,700,台南市場,244,188,143,190,42
2024.09.02,N06,FS873,OT大連-三朵,700,台南市場,278,223,146,219,378
2024.09.02,N06,FS879,OT大連-多朵,700,台南市場,324,259,209,262,409
2024.09.02,N06,FS893,OT帕雷諾-三朵,700,台南市場,268,243,231,246,34
2024.09.02,N06,FS899,OT帕雷諾-多朵,700,台南市場,300,271,260,275,50
2024.09.02,N06,FS922,OT帕芳多-雙朵,700,台南市場,115,115,115,115,32
2024.09.02,N06,FS923,OT帕芳多-三朵,700,台南市場,151,150,149,150,24
2024.09.02,N06,FS929,OT帕芳多-多朵,700,台南市場,179,179,179,179,10
2024.09.02,N06,FS962,OT試金石-雙朵,700,台南市場,141,117,102,119,28
2024.09.02,N06,FS963,OT試金石-三朵,700,台南市場,234,173,128,177,84
2024.09.02,N06,FS969,OT試金石-多朵,700,台南市場,242,157,117,166,282
2024.09.02,N06,FS970,OT紅福特,700,台南市場,284,200,134,204,72
2024.09.02,N06,FS972,OT紅福特-雙朵,700,台南市場,131,79,68,87,91
2024.09.02,N06,FS973,OT紅福特-三朵,700,台南市場,249,166,100,170,208
2024.09.02,N06,FS979,OT紅福特-多朵,700,台南市場,300,249,161,241,336
2024.09.02,N06,FS980,OT百合-美麗果,700,台南市場,241,171,136,178,20
2024.09.02,N06,FS982,OT百合-美麗果雙朵,700,台南市場,220,220,220,220,8
2024.09.02,N06,FS983,OT百合-美麗果三朵,700,台南市場,273,226,188,228,27
2024.09.02,N06,FS989,OT百合-美麗果多朵,700,台南市場,242,227,220,229,32
2024.09.02,N06,FU000,洋桔梗,700,台南市場,164,127,125,135,43
2024.09.02,N06,FU141,洋桔梗-單瓣粉,700,台南市場,0,0,0,0,0
2024.09.02,N06,FU151,洋吉梗-單瓣彩藍,700,台南市場,0,0,0,0,0
2024.09.02,N06,FU161,洋桔梗-單瓣白,700,台南市場,0,0,0,0,0
2024.09.02,N06,FU211,洋桔梗-單瓣白紅邊,700,台南市場,147,147,147,147,11
2024.09.02,N06,FU402,洋桔梗-雙瓣(混色),700,台南市場,57,57,57,57,16
2024.09.02,N06,FU442,洋桔梗-雙瓣粉,700,台南市場,111,111,111,111,20
2024.09.02,N06,FU445,洋桔梗-可羅淺粉,700,台南市場,150,150,150,150,22
2024.09.02,N06,FU451,洋桔梗-順風杏粉,700,台南市場,180,180,180,180,12
2024.09.02,N06,FU458,洋桔梗-艾瑞娜綠,700,台南市場,126,126,126,126,11
2024.09.02,N06,FU462,洋桔梗-雙瓣白,700,台南市場,136,136,136,136,8
2024.09.02,N06,FU465,洋桔梗-名人華麗白,700,台南市場,119,118,101,115,48
2024.09.02,N06,FU471,洋桔梗-重瓣淺紫,700,台南市場,182,145,112,146,68
2024.09.02,N06,FU472,洋桔梗-重瓣紫,700,台南市場,173,128,86,128,61
2024.09.02,N06,FU563,洋桔梗-新禧４雪白,700,台南市場,148,147,145,147,22
2024.09.02,N06,FU640,洋桔梗-金子彩粉,700,台南市場,165,149,119,147,52
2024.09.02,N06,FW172,補血草,700,台南市場,70,70,70,70,25
2024.09.02,N06,FW240,粉孔雀,700,台南市場,90,90,20,76,62
2024.09.02,N06,FW270,紫孔雀,700,台南市場,0,0,0,0,0
2024.09.02,N06,FW471,卡斯比亞-帶葉,700,台南市場,87,87,87,87,25
2024.09.02,N06,FW600,水晶花-混合,700,台南市場,83,83,83,83,40
2024.09.02,N06,FY001,尤加利葉,700,台南市場,67,30,26,37,76
2024.09.02,N06,FY002,壽松,700,台南市場,0,0,0,0,0
2024.09.02,N06,FY003,唐棉,700,台南市場,65,63,60,63,60
2024.09.02,N06,FY004,黃椰心葉,700,台南市場,89,70,23,65,443
2024.09.02,N06,FY009,電信蘭葉,700,台南市場,72,39,12,40,736
2024.09.02,N06,FY021,扁柏,700,台南市場,44,39,33,39,60
2024.09.02,N06,FY050,山蘇葉,700,台南市場,0,0,0,0,0
2024.09.02,N06,FY057,百合竹,700,台南市場,46,42,33,41,437
2024.09.02,N06,FY083,紐西蘭麻,700,台南市場,32,32,32,32,20
2024.09.02,N06,FY084,火龍果,700,台南市場,145,145,145,145,25
2024.09.02,N06,FY086,綠春蘭葉,700,台南市場,11,11,11,11,60
2024.09.02,N06,FY093,水燭葉,700,台南市場,21,18,14,18,270
2024.09.02,N06,FY099,銀蘆,700,台南市場,10,10,10,10,100
2024.09.02,N06,FY100,山防風,700,台南市場,99,99,99,99,20
2024.09.02,N06,FY991,青竹,700,台南市場,0,0,0,0,0
2024.09.02,N06,FY993,白竹,700,台南市場,62,55,40,54,262
2024.09.02,N06,FY996,蓮花竹,700,台南市場,21,18,17,19,169
2024.09.02,N06,IA000,進口康乃馨-中大輪,700,台南市場,135,135,135,135,10
2024.09.02,N06,IA001,進口康乃馨-混合色,700,台南市場,135,135,135,135,90
2024.09.02,N06,IA402,進口康乃馨-淺粉,700,台南市場,130,130,130,130,10
2024.09.02,N06,IC601,進口大菊-日本白,700,台南市場,276,276,276,276,7
2024.09.02,   ,IC616,,700,台南市場,213,213,213,213,77
2024.09.02,N06,IC803,進口染色大菊-牡丹,700,台南市場,326,311,293,310,217
2024.09.02,N06,IH000,進口其它花卉,700,台南市場,29,17,17,19,120
2024.09.02,N06,IH090,進口針墊花,700,台南市場,45,40,39,41,150
2024.09.02,N06,IO519,進口石斛蘭-深紅,700,台南市場,152,139,123,138,420
2024.09.02,N06,IW560,進口滿天星-白,700,台南市場,152,134,132,137,204
2024.09.02,N06,IW580,滿天星-染色,700,台南市場,131,129,121,128,174
2024.09.02,N05,469,藍莓-進口,800,高雄市,350,328.1,275,321.88,16
2024.09.02,N05,859,榴槤-進口,800,高雄市,191.7,191.7,191.7,191.7,192
2024.09.02,N05,919,其他-進口,800,高雄市,50,38.5,35,40.11,1760
2024.09.02,N05,A1,香蕉,800,高雄市,65,51.1,40,51.67,4255
2024.09.02,N05,B7,鳳梨-牛奶鳳梨,800,高雄市,50,40.3,33,40.8,1000
2024.09.02,N05,C9,柑橘-進口,800,高雄市,167,129.5,90,129.09,880
2024.09.02,N05,E9,甜橙-進口,800,高雄市,55.4,49.5,44.6,49.68,1872
2024.09.02,N05,F1,雜柑-檸檬,800,高雄市,38.3,25,20,26.67,600
2024.09.02,N05,F4,雜柑-桔子,800,高雄市,75,51.7,35,53,100
2024.09.02,N06,FA800,康乃馨-多朵(混色),800,高雄市場,45,45,45,45,80
2024.09.02,N06,FB000,火鶴花,800,高雄市場,11,11,11,11,25
2024.09.02,N06,FB100,火鶴花-紅色,800,高雄市場,19,17,15,17,76
2024.09.02,N06,FB400,火鶴花-粉色,800,高雄市場,9,9,9,9,25
2024.09.02,N06,FB405,火鶴花-粉綠邊,800,高雄市場,16,16,16,16,40
2024.09.02,N06,FB407,火鶴花-夢幻,800,高雄市場,21,19,18,20,75
2024.09.02,N06,FB500,火鶴花-翠綠,800,高雄市場,20,14,12,15,150
2024.09.02,N06,FB501,火鶴花-蘋果綠,800,高雄市場,9,9,9,9,30
2024.09.02,N06,FC316,大菊-黃精競,800,高雄市場,144,127,96,125,138
2024.09.02,N06,FC613,大菊-白天星,800,高雄市場,197,149,84,146,735
2024.09.02,N06,FC804,染大菊-白天星,800,高雄市場,172,153,108,148,678
2024.09.02,N06,FD000,小菊,800,高雄市場,172,172,171,172,40
2024.09.02,N06,FD001,小菊-混合色,800,高雄市場,141,141,141,141,25
2024.09.02,N06,FD131,小菊-小紅娘,800,高雄市場,178,140,106,141,432
2024.09.02,N06,FD200,小菊-金,800,高雄市場,171,168,149,165,275
2024.09.02,N06,FD300,小菊-黃,800,高雄市場,90,90,89,90,132
2024.09.02,N06,FD308,小菊-黃丁字菊,800,高雄市場,130,106,82,106,592
2024.09.02,N06,FD321,小菊-吉祥黃,800,高雄市場,161,155,115,149,83
2024.09.02,N06,FD423,小菊-粉日記,800,高雄市場,158,130,81,126,405
2024.09.02,N06,FD456,小菊-卡洛粉,800,高雄市場,172,162,154,163,170
2024.09.02,N06,FD600,小菊-白,800,高雄市場,121,107,92,107,50
2024.09.02,N06,FD645,小菊-白斯不列,800,高雄市場,200,158,127,160,323
2024.09.02,N06,FD801,染小菊-芬蘭,800,高雄市場,183,158,125,157,294
2024.09.02,N06,FE001,非洲菊-混合色,800,高雄市場,139,131,116,130,525
2024.09.02,N06,FE110,非洲菊-卡布,800,高雄市場,131,120,105,119,150
2024.09.02,N06,FE200,非洲菊-橙,800,高雄市場,96,96,96,96,28
2024.09.02,N06,FE205,非洲菊-哈利熊,800,高雄市場,131,131,131,131,25
2024.09.02,N06,FE400,非洲菊-粉,800,高雄市場,167,166,165,166,26
2024.09.02,N06,FE401,非洲菊-伊斯瑪拉,800,高雄市場,171,147,130,149,54
2024.09.02,N06,FE409,非洲菊-粉紅魅力,800,高雄市場,170,163,160,164,80
2024.09.02,N06,FE415,非洲菊-粉美麗,800,高雄市場,170,170,170,170,15
2024.09.02,N06,FE416,非洲菊-熱情粉,800,高雄市場,182,147,109,147,295
2024.09.02,N06,FE600,非洲菊-白,800,高雄市場,133,103,88,107,180
2024.09.02,N06,FE700,非洲菊-紫,800,高雄市場,110,110,110,110,60
2024.09.02,N06,FE900,非洲菊-迷你混色,800,高雄市場,80,68,47,67,205
2024.09.02,N06,FG001,劍蘭-混合色,800,高雄市場,44,44,44,44,18
2024.09.02,N06,FG105,劍蘭-２３５號,800,高雄市場,137,94,77,100,112
2024.09.02,N06,FG116,劍蘭-雙色金紅,800,高雄市場,121,113,102,113,80
2024.09.02,N06,FG121,劍蘭-２６５號,800,高雄市場,39,39,39,39,20
2024.09.02,N06,FG406,劍蘭-青殼粉,800,高雄市場,131,128,124,128,54
2024.09.02,N06,FH000,其它花卉,800,高雄市場,82,67,44,66,36
2024.09.02,N06,FH006,黃梔花,800,高雄市場,66,49,35,50,644
2024.09.02,N06,FH008,洋甘菊,800,高雄市場,69,69,69,69,15
2024.09.02,N06,FH009,萬壽菊,800,高雄市場,129,121,115,122,25
2024.09.02,N06,FH101,天堂鳥,800,高雄市場,83,78,77,79,66
2024.09.02,N06,FH112,小天堂鳥-桔帶紅,800,高雄市場,69,69,69,69,15
2024.09.02,N06,FH156,野薑花-白,800,高雄市場,90,71,40,69,66
2024.09.02,N06,FH230,夜來香,800,高雄市場,70,70,70,70,9
2024.09.02,N06,FH251,秀線,800,高雄市場,42,31,19,31,60
2024.09.02,N06,FH293,向日葵-單瓣,800,高雄市場,176,156,91,148,99
2024.09.02,N06,FH330,雞冠花,800,高雄市場,139,138,137,138,30
2024.09.02,N06,FH331,雞冠花-清紅,800,高雄市場,123,123,123,123,50
2024.09.02,N06,FH381,麒麟草,800,高雄市場,75,67,56,67,744
2024.09.02,N06,FH395,虎尾花,800,高雄市場,55,55,55,55,20
2024.09.02,N06,FH470,仙丹花,800,高雄市場,19,19,19,19,29
2024.09.02,N06,FH661,伯利恆之星,800,高雄市場,27,27,27,27,31
2024.09.02,N06,FL129,LA百合-橙多朵,800,高雄市場,133,133,133,133,42
2024.09.02,N06,FM019,重瓣百合-紅多朵,800,高雄市場,134,134,134,134,8
2024.09.02,N06,FM219,重瓣百合-艾蓮娜多朵,800,高雄市場,273,273,273,273,12
2024.09.02,N06,FO003,腎藥蘭-曼谷火焰,800,高雄市場,14,12,10,13,370
2024.09.02,N06,FO007,千代蘭,800,高雄市場,11,11,10,11,220
2024.09.02,N06,FO009,萬代蘭,800,高雄市場,15,13,12,14,260
2024.09.02,N06,FO335,檸檬綠文心蘭,800,高雄市場,78,45,23,48,1250
2024.09.02,N06,FO340,文心蘭-愛琳娜,800,高雄市場,63,55,51,56,43
2024.09.02,N06,FR000,玫瑰,800,高雄市場,139,105,71,106,136
2024.09.02,N06,FR001,玫瑰-混合色,800,高雄市場,43,43,43,43,8
2024.09.02,N06,FR100,玫瑰-紅,800,高雄市場,300,156,118,179,74
2024.09.02,N06,FR116,玫瑰-翡翠紅,800,高雄市場,210,158,118,160,17
2024.09.02,N06,FR117,玫瑰-萬年紅,800,高雄市場,157,85,72,97,48
2024.09.02,N06,FR120,玫瑰-埔里之星,800,高雄市場,369,329,207,315,48
2024.09.02,N06,FR122,玫瑰-卡門,800,高雄市場,51,51,51,51,16
2024.09.02,N06,FR208,玫瑰-香吉士,800,高雄市場,320,320,320,320,6
2024.09.02,N06,FR308,玫瑰-陽光女孩,800,高雄市場,203,168,130,166,22
2024.09.02,N06,FR400,玫瑰-粉,800,高雄市場,189,156,87,151,38
2024.09.02,N06,FR408,玫瑰-黛安娜粉,800,高雄市場,95,56,35,61,42
2024.09.02,N06,FR429,玫瑰-鐵達尼,800,高雄市場,229,201,164,197,12
2024.09.02,N06,FR431,玫瑰-東方之星,800,高雄市場,290,264,232,263,20
2024.09.02,N06,FR434,玫瑰-卡蜜拉,800,高雄市場,230,119,111,138,34
2024.09.02,N06,FR439,玫瑰-翡翠香檳,800,高雄市場,248,159,69,159,71
2024.09.02,N06,FR607,玫瑰-翡翠白,800,高雄市場,225,113,28,119,77
2024.09.02,N06,FR705,玫瑰-紫天王,800,高雄市場,171,122,80,124,21
2024.09.02,N06,FR900,玫瑰-迷你混合,800,高雄市場,73,73,73,73,13
2024.09.02,N06,FS000,香水百合,800,高雄市場,143,138,132,138,24
2024.09.02,N06,FS010,香水百合-紅,800,高雄市場,279,228,177,231,23
2024.09.02,N06,FS011,香水百合-紅單朵,800,高雄市場,130,130,130,130,18
2024.09.02,N06,FS012,香水百合-紅雙朵,800,高雄市場,247,208,180,211,31
2024.09.02,N06,FS013,香水百合-紅三朵,800,高雄市場,298,237,187,240,66
2024.09.02,N06,FS019,香水百合-紅多朵,800,高雄市場,296,260,200,255,77
2024.09.02,N06,FS049,香水百合-粉多朵,800,高雄市場,203,203,203,203,10
2024.09.02,N06,FS060,香水百合-白,800,高雄市場,186,156,129,158,34
2024.09.02,N06,FS062,香水百合-白雙朵,800,高雄市場,120,88,73,91,32
2024.09.02,N06,FS063,香水百合-白三朵,800,高雄市場,154,148,104,141,84
2024.09.02,N06,FS069,香水百合-白多朵,800,高雄市場,199,199,199,199,24
2024.09.02,N06,FS470,水晶香水,800,高雄市場,141,139,134,139,30
2024.09.02,N06,FS473,水晶香水-三朵,800,高雄市場,271,163,119,176,106
2024.09.02,N06,FS479,水晶香水-多朵,800,高雄市場,346,278,156,269,78
2024.09.02,N06,FS632,OT曼尼薩-雙朵,800,高雄市場,278,202,102,198,94
2024.09.02,N06,FS633,OT曼尼薩-三朵,800,高雄市場,335,301,267,301,137
2024.09.02,N06,FS639,OT曼尼薩-多朵,800,高雄市場,352,341,273,330,114
2024.09.02,N06,FS770,OT百合-節奏舞者,800,高雄市場,356,167,72,186,25
2024.09.02,N06,FS773,OT百合-節奏舞者三朵,800,高雄市場,260,248,235,248,24
2024.09.02,N06,FS779,OT百合-節奏舞者多朵,800,高雄市場,349,265,256,281,70
2024.09.02,N06,FS780,OT百合-貝維爾,800,高雄市場,100,100,100,100,21
2024.09.02,N06,FS782,OT百合-貝維爾雙朵,800,高雄市場,96,96,96,96,17
2024.09.02,N06,FS783,OT百合-貝維爾三朵,800,高雄市場,203,191,166,189,50
2024.09.02,N06,FS789,OT百合-貝維爾多朵,800,高雄市場,220,220,220,220,30
2024.09.02,N06,FS870,OT大連,800,高雄市場,202,177,106,168,82
2024.09.02,N06,FS872,OT大連-雙朵,800,高雄市場,225,195,148,192,76
2024.09.02,N06,FS873,OT大連-三朵,800,高雄市場,331,268,220,272,208
2024.09.02,N06,FS879,OT大連-多朵,800,高雄市場,336,272,225,276,362
2024.09.02,N06,FS893,OT帕雷諾-三朵,800,高雄市場,308,283,258,283,24
2024.09.02,N06,FS899,OT帕雷諾-多朵,800,高雄市場,342,317,254,310,62
2024.09.02,N06,FS922,OT帕芳多-雙朵,800,高雄市場,100,100,100,100,32
2024.09.02,N06,FS923,OT帕芳多-三朵,800,高雄市場,152,152,152,152,12
2024.09.02,N06,FS929,OT帕芳多-多朵,800,高雄市場,147,147,147,147,20
2024.09.02,N06,FS962,OT試金石-雙朵,800,高雄市場,192,192,192,192,8
2024.09.02,N06,FS963,OT試金石-三朵,800,高雄市場,218,151,95,153,115
2024.09.02,N06,FS969,OT試金石-多朵,800,高雄市場,246,176,124,180,278
2024.09.02,N06,FS970,OT紅福特,800,高雄市場,247,247,247,247,10
2024.09.02,N06,FS972,OT紅福特-雙朵,800,高雄市場,145,145,145,145,16
2024.09.02,N06,FS973,OT紅福特-三朵,800,高雄市場,263,233,140,221,154
2024.09.02,N06,FS979,OT紅福特-多朵,800,高雄市場,308,278,219,273,384
2024.09.02,N06,FS981,OT百合-美麗果單朵,800,高雄市場,135,135,135,135,8
2024.09.02,N06,FS982,OT百合-美麗果雙朵,800,高雄市場,193,193,193,193,13
2024.09.02,N06,FS983,OT百合-美麗果三朵,800,高雄市場,329,248,193,256,29
2024.09.02,N06,FS989,OT百合-美麗果多朵,800,高雄市場,201,201,201,201,27
2024.09.02,N06,FT062,鐵砲百合-白雙朵,800,高雄市場,180,180,180,180,16
2024.09.02,N06,FU000,洋桔梗,800,高雄市場,129,128,122,127,32
2024.09.02,N06,FU402,洋桔梗-雙瓣(混色),800,高雄市場,83,83,83,83,14
2024.09.02,N06,FU442,洋桔梗-雙瓣粉,800,高雄市場,179,166,111,158,127
2024.09.02,N06,FU445,洋桔梗-可羅淺粉,800,高雄市場,149,149,149,149,33
2024.09.02,N06,FU453,洋桔梗-雙瓣綠,800,高雄市場,120,112,101,112,68
2024.09.02,N06,FU471,洋桔梗-重瓣淺紫,800,高雄市場,206,179,159,180,22
2024.09.02,N06,FU472,洋桔梗-重瓣紫,800,高雄市場,85,85,85,85,8
2024.09.02,N06,FU563,洋桔梗-新禧４雪白,800,高雄市場,209,196,181,196,21
2024.09.02,N06,FU572,洋桔梗-雙瓣白紫邊,800,高雄市場,160,160,160,160,24
2024.09.02,N06,FU640,洋桔梗-金子彩粉,800,高雄市場,111,98,78,97,76
2024.09.02,N06,FY001,尤加利葉,800,高雄市場,68,42,39,47,75
2024.09.02,N06,FY003,唐棉,800,高雄市場,77,71,61,70,100
2024.09.02,N06,FY004,黃椰心葉,800,高雄市場,90,58,36,60,184
2024.09.02,N06,FY009,電信蘭葉,800,高雄市場,90,56,27,57,477
2024.09.02,N06,FY017,八角金盤,800,高雄市場,60,60,60,60,60
2024.09.02,N06,FY035,龍文蘭,800,高雄市場,10,10,10,10,100
2024.09.02,N06,FY050,山蘇葉,800,高雄市場,15,15,10,14,95
2024.09.02,N06,FY057,百合竹,800,高雄市場,39,34,25,34,272
2024.09.02,N06,FY083,紐西蘭麻,800,高雄市場,28,28,28,28,26
2024.09.02,N06,FY086,綠春蘭葉,800,高雄市場,10,10,10,10,30
2024.09.02,N06,FY093,水燭葉,800,高雄市場,21,19,16,19,558
2024.09.02,N06,FY099,銀蘆,800,高雄市場,17,17,17,17,100
2024.09.02,N06,FY991,青竹,800,高雄市場,150,150,150,150,9
2024.09.02,N06,FY993,白竹,800,高雄市場,76,69,50,67,415
2024.09.02,N06,FY996,蓮花竹,800,高雄市場,20,16,11,16,121
2024.09.02,N05,G3,酪梨,800,高雄市,65.9,52,40,52.38,1640
2024.09.02,N05,G49,奇異果-進口,800,高雄市,229.3,208.1,183.3,207.4,543
2024.09.02,N05,H1,柚子-文旦,800,高雄市,35.6,17.1,15,20.39,4884
2024.09.02,N05,H49,葡萄柚-紅肉進口,800,高雄市,36.1,32.3,29.4,32.48,1530
2024.09.02,N05,I1,木瓜-網室紅肉,800,高雄市,72.9,46.3,32.1,48.79,3400
2024.09.02,N05,I4,木瓜-青木瓜,800,高雄市,25,25,25,25,770
2024.09.02,N06,IA000,進口康乃馨-中大輪,800,高雄市場,97,97,97,97,30
2024.09.02,N06,IA001,進口康乃馨-混合色,800,高雄市場,145,145,145,145,90
2024.09.02,N06,IA100,進口康乃馨-紅,800,高雄市場,145,145,145,145,10
2024.09.02,N06,IA400,進口康乃馨-粉,800,高雄市場,153,141,140,143,140
2024.09.02,N06,IA402,進口康乃馨-淺粉,800,高雄市場,160,160,160,160,10
2024.09.02,N06,IC601,進口大菊-日本白,800,高雄市場,309,309,309,309,7
2024.09.02,   ,IC616,,800,高雄市,278,271,267,272,84
2024.09.02,N06,IC803,進口染色大菊-牡丹,800,高雄市場,359,347,323,345,210
2024.09.02,N06,IH000,進口其它花卉,800,高雄市場,150,35,15,54,165
2024.09.02,N06,IH090,進口針墊花,800,高雄市場,30,30,29,30,144
2024.09.02,N06,IO519,進口石斛蘭-深紅,800,高雄市場,142,133,129,134,280
2024.09.02,N06,IW560,進口滿天星-白,800,高雄市場,162,155,130,152,204
2024.09.02,N06,IW580,滿天星-染色,800,高雄市場,150,149,143,148,189
2024.09.02,N05,K3,龍眼-粉殼,800,高雄市,80,73.5,70,74.12,272
2024.09.02,N05,N9,李-進口,800,高雄市,280,277.6,260,274.55,220
2024.09.02,N05,O9,梨-其他進口,800,高雄市,157,141.2,133.3,142.81,675
2024.09.02,N05,S1,葡萄-巨峰,800,高雄市,80,70,60,70,300
2024.09.02,N05,S9,葡萄-進口,800,高雄市,571.5,230.2,155.6,283.53,1299
2024.09.02,N05,T1,西瓜-大西瓜,800,高雄市,35,31.9,28,31.75,4520
2024.09.02,N05,T5,西瓜-黃肉,800,高雄市,38,34,30,34,800
2024.09.02,N05,V1,甜瓜-美濃,800,高雄市,50,48.6,40,47.14,140
2024.09.02,N05,X69,蘋果-富士進口,800,高雄市,109.2,66.1,46.9,70.89,22022
2024.09.02,N05,Y39,桃子-甜桃進口,800,高雄市,130,94.8,80,98.86,700
2024.09.02,N05,Y9,桃子-進口,800,高雄市,365,324.9,293.4,326.62,2280
2024.09.02,N04,FA1,黃秋葵,950,花蓮市,88.6,79.9,47.7,75.2,149.5
2024.09.02,N04,FC2,胡瓜-改良種,950,花蓮市,40.9,24.8,13.6,25.8,2192
2024.09.02,N04,FD1,花胡瓜,950,花蓮市,94.7,63.4,31.7,63.3,1720
2024.09.02,N04,FE0,冬瓜-其他,950,花蓮市,12.7,9.8,9.5,10.3,172
2024.09.02,N04,FE2,冬瓜-青皮,950,花蓮市,18,17.1,10.8,16,1557
2024.09.02,N04,FF0,絲瓜-其他,950,花蓮市,20,19.2,19,19.3,97.5
2024.09.02,N04,FF1,絲瓜,950,花蓮市,30,24.6,14.9,23.7,5406.5
2024.09.02,N04,FF4,絲瓜-長絲瓜,950,花蓮市,28,22.8,18.5,23,59.5
2024.09.02,N04,FG1,苦瓜-白大米,950,花蓮市,143.9,112,65,109,748
2024.09.02,N04,FG3,苦瓜-山苦瓜,950,花蓮市,110,94.4,80,94.6,41
2024.09.02,N04,FG4,苦瓜-翠綠,950,花蓮市,99.8,66.8,35.1,67.1,427.5
2024.09.02,N04,FH3,扁蒲-花蒲,950,花蓮市,27.7,17.5,8.3,17.7,3390
2024.09.02,N04,FI2,茄子-麻荸茄,950,花蓮市,65.3,57.8,42.3,56.2,1754
2024.09.02,N04,FJ3,番茄-牛番茄,950,花蓮市,109.6,85.1,38.2,80.6,1249
2024.09.02,N04,FK5,甜椒-青椒,950,花蓮市,115.9,88.6,48.8,86.1,953.5
2024.09.02,N04,FM2,菜豆-青色,950,花蓮市,59.3,29.5,10.5,31.7,1539
2024.09.02,N04,FN1,敏豆-白豆,950,花蓮市,230,202.4,150,197.5,29.5
2024.09.02,N04,FN3,敏豆-粉豆,950,花蓮市,145,122.4,80,118.5,37.5
2024.09.02,N04,FS1,越瓜-青色,950,花蓮市,25,25,25,25,21
2024.09.02,N04,FT1,南瓜-木瓜形,950,花蓮市,38,34.3,25,33.2,265
2024.09.02,N04,FT2,南瓜-圓形,950,花蓮市,27.5,21.9,18.4,22.3,1697
2024.09.02,N04,FT5,南瓜-青如意,950,花蓮市,105,85.6,40,80.3,51.5
2024.09.02,N04,FT7,南瓜-栗子,950,花蓮市,40,40,40,40,79
2024.09.02,N04,FV1,辣椒-紅小,950,花蓮市,200,135.3,76.8,136.5,69.5
2024.09.02,N04,FV2,辣椒-青小,950,花蓮市,96,85.2,49.1,80.1,134
2024.09.02,N04,FV4,辣椒-朝天椒,950,花蓮市,190,171.3,130,166.8,46.5
2024.09.02,N04,FV5,辣椒-青龍,950,花蓮市,190,190,190,190,8.5
2024.09.02,N04,FV6,辣椒-糯米椒,950,花蓮市,200,200,200,200,35
2024.09.02,N04,FY3,玉米-超甜白,950,花蓮市,33,32.2,20,29.9,123
2024.09.02,N04,FY4,玉米-玉米筍,950,花蓮市,37,29.9,20,29.3,117
2024.09.02,N04,FY6,玉米-甜軟殼,950,花蓮市,42,38.1,22.3,35.7,764
2024.09.02,N04,LA0,甘藍-其他,950,花蓮市,71.4,44.7,31.4,47.4,1703
2024.09.02,N04,LA7,甘藍-改良尖,950,花蓮市,115,106.6,66.6,100.3,486
2024.09.02,N04,LC1,包心白-包白,950,花蓮市,70,57.2,42.5,56.8,384
2024.09.02,N04,LC2,包心白-成功白,950,花蓮市,78,78,71,76.6,345
2024.09.02,N04,LE1,皇宮菜-小葉,950,花蓮市,35,33.8,33,33.9,22.5
2024.09.02,N04,LE2,皇宮菜-大葉,950,花蓮市,50.4,38.2,28,38.6,161.5
2024.09.02,N04,LF2,蕹菜-小葉,950,花蓮市,39,39,39,39,88.5
2024.09.02,N04,LM1,莧菜-紅莧菜,950,花蓮市,50,50,50,50,35
2024.09.02,N04,LM2,莧菜-白莧菜,950,花蓮市,50,50,39.5,47.9,71.5
2024.09.02,N04,LQ1,紅鳳菜-紅鳳菜,950,花蓮市,65,61.7,60,62,29.5
2024.09.02,N04,LX1,蕨菜-過貓,950,花蓮市,78,74,50,70,25.5
2024.09.02,N04,OX1,其他,950,花蓮市,71.3,20.9,10.6,28.9,3480
2024.09.02,N04,SB2,胡蘿蔔-清洗,950,花蓮市,20,19.3,17.7,19.1,729.5
2024.09.02,N04,SE6,青蔥-粉蔥,950,花蓮市,165,146.6,130,147,63.5
2024.09.02,N04,SF1,韭菜-白頭,950,花蓮市,43,41.6,40,41.6,126
2024.09.02,N04,SF3,韭菜-韭菜花,950,花蓮市,100,100,100,100,2.5
2024.09.02,N04,SF4,韭菜-青頭,950,花蓮市,35,35,35,35,37
2024.09.02,N04,SJ2,芋-檳榔心芋,950,花蓮市,42.8,35.2,24.4,34.6,1319.5
2024.09.02,N04,SJ3,芋-里芋,950,花蓮市,94.5,91.3,90,91.7,163
2024.09.02,N04,SJ4,芋-芋莖,950,花蓮市,28,22.1,15.1,21.9,162
2024.09.02,N04,SO0,甘薯-其他,950,花蓮市,21,17.1,11.8,16.8,594
2024.09.02,N04,SO1,甘薯-臺農57號,950,花蓮市,29.7,25.7,15.8,24.5,139
2024.09.02,N04,SO2,甘薯-芋仔甘薯,950,花蓮市,25,25,25,25,46
2024.09.02,N04,SO3,甘薯-臺農66號,950,花蓮市,23,20.1,10,18.6,260
2024.09.02,N04,SP1,薑-老薑,950,花蓮市,83.1,61.4,32.1,59.9,807
2024.09.02,N04,SP2,薑-嫩薑,950,花蓮市,36.3,22.3,16,23.9,180.5

